ID_Registro,Data_Manutencao,Numero_OS,Maquina,Setor,Fabricante,Tipo_Manutencao,Tecnico,Especialidade,Hora_Inicio,Hora_Fim,Horas_Parada,Custo_Manutencao,Peca_Utilizada,Quantidade_Pecas,Causa_Falha,Status_OS,Observacao
1,2025-04-26,OS-1001,Prensa Hidraulica,Montagem ,Bosch,Preventiva,,Mecânico,10.1,9.9,-17.7,-701.11,Bomba,3,Falha elétrica,Aberta,
2,17-02-2025,OS-1002,Prensa Hidraulica,Montagem ,Siemens,Preditiva,,Automação,1.6,16.8,-17.2,-11805.37,Bomba,7,Falha elétrica,Concluída,
3,03/02/2025,OS-1003,Torno C N C,Montagem ,WEG,Preditiva,,Automação,14.1,15.9,-8.0,-9588.87,Filtro,8,Lubrificação,Em andamento,
4,29-04-2025,OS-1004,Torno C N C,Usin.,Schneider,Preditiva,,Automação,16.9,18.0,-3.4,-6849.24,Sensor,9,Falha mecânica,Em andamento,
5,06-02-2025,OS-1005,Prensa Hidraulica,Usin.,Siemens,Preditiva,,Mecânico,1.0,6.5,-7.6,-12967.13,Sensor,4,Falha mecânica,Concluída,
6,01-02-2025,OS-1006,Torno C N C,Usin.,Bosch,Corretiva,,Automação,8.7,15.1,-6.0,-3489.14,Rolamento,1,Lubrificação,Aberta,
7,2025-02-24,OS-1007,Prensa Hidraulica,Montagem ,Schneider,Preventiva,,Automação,5.7,16.5,-14.0,-6187.44,Bomba,1,Lubrificação,Em andamento,
8,2025-05-29,OS-1008,TornoCNC,Usin.,Bosch,Corretiva,,Mecânico,10.2,10.2,-12.0,-2551.49,Correia,3,Erro operador,Concluída,
9,06-04-2025,OS-1009,Prensa Hidraulica,Usin.,Schneider,Corretiva,,Eletricista,10.1,17.4,-2.1,-4107.68,Bomba,3,Desgaste,Aberta,
10,24/06/2025,OS-1010,Torno C N C,Usin.,WEG,Corretiva,,Automação,1.8,4.8,-2.5,-8571.51,Filtro,2,Falha elétrica,Em andamento,
11,2025-05-25,OS-1011,TornoCNC,Usin.,Siemens,Preditiva,,Mecânico,15.0,8.1,-4.1,-12110.19,Filtro,1,Erro operador,Em andamento,
12,08-02-2025,OS-1012,Prensa Hidraulica,Montagem ,Bosch,Preventiva,,Automação,19.6,8.7,-16.5,-8715.27,CLP,7,Falha mecânica,Concluída,
13,11-03-2025,OS-1013,Torno C N C,Usin.,Fanuc,Preventiva,,Mecânico,18.2,10.3,-8.0,-1423.19,Bomba,10,Desgaste,Em andamento,
14,2025-04-02,OS-1014,Torno C N C,Usin.,Bosch,Corretiva,,Eletricista,8.0,17.5,-3.5,-1974.51,Filtro,3,Falha mecânica,Concluída,
15,04/01/2025,OS-1015,Prensa Hidraulica,Usin.,Schneider,Preventiva,,Eletricista,13.0,7.6,-16.9,-1809.7,Rolamento,10,Falha mecânica,Concluída,
16,07/02/2025,OS-1016,TornoCNC,Montagem ,Siemens,Corretiva,,Mecânico,19.2,14.2,-6.8,-8621.91,Rolamento,9,Falha mecânica,Aberta,
17,2025-01-03,OS-1017,Prensa Hidraulica,Usin.,Siemens,Preventiva,,Mecânico,13.8,19.7,-19.4,-4634.9,Motor,10,Falha mecânica,Aberta,
18,2025-05-09,OS-1018,Prensa Hidraulica,Usin.,Fanuc,Preventiva,,Eletricista,9.2,18.4,-10.4,-4807.29,Correia,10,Falha elétrica,Concluída,
19,12-01-2025,OS-1019,Prensa Hidraulica,Usin.,Bosch,Corretiva,,Mecânico,14.2,18.3,-16.1,-1252.64,Válvula,9,Falha elétrica,Em andamento,
20,06/04/2025,OS-1020,Torno C N C,Usin.,Fanuc,Preventiva,,Mecânico,12.7,4.1,-1.0,-7618.99,Bomba,9,Falha elétrica,Aberta,
21,06-05-2025,OS-1021,Torno C N C,Montagem ,Siemens,Preventiva,,Mecânico,5.0,19.4,-4.3,-8166.03,Correia,1,Falha elétrica,Concluída,
22,01-02-2025,OS-1022,TornoCNC,Montagem ,WEG,Preditiva,,Mecânico,4.8,17.1,-18.4,-14558.85,CLP,3,Lubrificação,Em andamento,
23,05/03/2025,OS-1023,TornoCNC,Montagem ,Fanuc,Preventiva,,Mecânico,9.5,13.2,-2.5,-12373.78,Sensor,7,Desgaste,Em andamento,
24,2025-05-12,OS-1024,Prensa Hidraulica,Montagem ,Siemens,Corretiva,,Automação,10.0,10.4,-1.9,-7059.37,Motor,4,Falha mecânica,Aberta,
25,18-06-2025,OS-1025,Prensa Hidraulica,Usin.,Schneider,Corretiva,,Automação,14.2,3.6,-13.1,-4251.51,CLP,8,Falha mecânica,Concluída,
26,06-03-2025,OS-1026,TornoCNC,Usin.,Schneider,Corretiva,,Eletricista,10.6,15.0,-16.8,-10425.5,Filtro,3,Desgaste,Aberta,
27,15/03/2025,OS-1027,Torno C N C,Usin.,WEG,Preventiva,,Automação,8.5,3.3,-8.7,-13434.61,Bomba,10,Falha mecânica,Aberta,
28,24-06-2025,OS-1028,Torno C N C,Usin.,Fanuc,Corretiva,,Automação,5.8,9.8,-5.9,-5395.57,Bomba,5,Falha mecânica,Concluída,
29,18-02-2025,OS-1029,TornoCNC,Usin.,Bosch,Corretiva,,Eletricista,7.9,1.4,-23.1,-4436.93,CLP,3,Falha mecânica,Em andamento,
30,13-06-2025,OS-1030,Prensa Hidraulica,Usin.,Bosch,Preditiva,,Mecânico,17.5,10.5,-13.9,-6884.45,Bomba,7,Falha mecânica,Concluída,
31,2025-05-06,OS-1031,Fresadora CNC,Usin.,Bosch,Preventiva,,Eletricista,20.0,6.4,-13.8,-2938.37,Válvula,3,Desgaste,Concluída,
32,16/06/2025,OS-1032,Compressor,Usin.,Bosch,Preditiva,,Mecânico,6.6,18.8,-23.4,-3515.95,Rolamento,1,Erro operador,Em andamento,
33,15/03/2025,OS-1033,Esteira,Usin.,Bosch,Preventiva,,Eletricista,13.3,3.9,-13.7,-3257.71,Motor,4,Lubrificação,Concluída,
34,10-06-2025,OS-1034,Soldadora Robotizada,Montagem ,Siemens,Preventiva,,Eletricista,6.9,6.9,-4.5,-10930.88,Sensor,2,Falha elétrica,Concluída,
35,10-04-2025,OS-1035,Fresadora CNC,Usin.,Siemens,Preventiva,,Eletricista,19.1,14.7,-2.4,-1862.86,Sensor,5,Erro operador,Aberta,
36,2025-04-13,OS-1036,Dobradeira,Montagem ,Fanuc,Corretiva,,Eletricista,5.0,9.3,-18.9,-7666.07,Sensor,8,Falha elétrica,Aberta,
37,10-04-2025,OS-1037,Prensa Hidráulica,Usin.,WEG,Preditiva,,Eletricista,18.4,7.2,-14.5,-9821.61,Válvula,6,Erro operador,Aberta,
38,26/06/2025,OS-1038,Prensa Hidráulica,Montagem ,Siemens,Preventiva,,Mecânico,18.3,8.0,-21.8,-4009.59,Motor,8,Lubrificação,Aberta,
39,29/06/2025,OS-1039,Prensa Hidráulica,Montagem ,WEG,Preventiva,,Automação,4.3,16.6,-7.1,-3608.4,Válvula,6,Desgaste,Concluída,
40,23-04-2025,OS-1040,Dobradeira,Montagem ,Schneider,Corretiva,,Eletricista,9.5,16.7,-14.7,-5611.45,CLP,10,Erro operador,Concluída,
41,2025-05-22,OS-1041,Fresadora CNC,Montagem ,WEG,Preventiva,,Automação,13.2,12.4,-20.5,-14413.02,Correia,10,Lubrificação,Em andamento,
42,07/04/2025,OS-1042,Fresadora CNC,Montagem ,Fanuc,Preventiva,,Eletricista,9.7,8.1,-12.6,-10335.53,CLP,7,Falha mecânica,Em andamento,
43,2025-04-26,OS-1043,Centro de Usinagem,Usin.,Bosch,Preventiva,,Mecânico,12.6,12.6,-4.0,-5241.2,Rolamento,5,Erro operador,Concluída,
44,28/05/2025,OS-1044,Centro de Usinagem,Usin.,Fanuc,Preditiva,,Eletricista,17.2,3.1,-1.4,-6596.87,Válvula,1,Desgaste,Concluída,
45,08/06/2025,OS-1045,Dobradeira,Usin.,Fanuc,Corretiva,,Mecânico,9.7,9.9,-8.3,-2340.63,Válvula,4,Erro operador,Em andamento,
46,01-06-2025,OS-1046,Torno CNC,Usin.,Schneider,Preventiva,,Eletricista,11.0,14.2,-15.6,-3512.06,Motor,1,Erro operador,Em andamento,
47,2025-05-03,OS-1047,Dobradeira,Usin.,Fanuc,Corretiva,,Mecânico,9.7,18.6,-5.9,-1477.34,Válvula,10,Desgaste,Aberta,
48,2025-01-05,OS-1048,Compressor,Usin.,Fanuc,Preditiva,,Eletricista,18.9,16.2,-3.1,-4400.13,CLP,9,Erro operador,Em andamento,
49,2025-04-04,OS-1049,Injetora,Usin.,Bosch,Preditiva,,Mecânico,18.5,15.9,-12.0,-5552.44,Sensor,6,Falha elétrica,Concluída,
50,2025-04-19,OS-1050,Soldadora Robotizada,Usin.,Fanuc,Preventiva,,Automação,16.7,13.8,-11.7,-9990.53,Rolamento,1,Lubrificação,Concluída,
51,05/03/2025,OS-1051,Dobradeira,Montagem ,Bosch,Corretiva,,Automação,1.5,1.8,-7.1,-4460.38,CLP,7,Erro operador,Aberta,
52,2025-03-26,OS-1052,Compressor,Montagem ,Fanuc,Preventiva,,Mecânico,19.3,4.8,-7.1,-9998.8,Filtro,9,Falha elétrica,Em andamento,
53,2025-06-05,OS-1053,Centro de Usinagem,Usin.,Schneider,Corretiva,,Mecânico,13.4,11.9,-7.1,-7357.88,Rolamento,4,Falha elétrica,Aberta,
54,2025-03-01,OS-1054,Dobradeira,Usin.,Fanuc,Preventiva,,Eletricista,9.4,19.7,-10.7,-4833.4,Bomba,3,Erro operador,Em andamento,
55,2025-03-02,OS-1055,Injetora,Montagem ,Siemens,Preditiva,,Eletricista,3.7,6.9,-4.2,-4641.3,Rolamento,9,Falha mecânica,Em andamento,
56,29-04-2025,OS-1056,Dobradeira,Usin.,WEG,Preditiva,,Mecânico,13.0,1.2,-8.8,-12128.2,Rolamento,9,Falha mecânica,Em andamento,
57,2025-04-06,OS-1057,Prensa Hidráulica,Montagem ,Siemens,Preditiva,,Mecânico,1.3,13.2,-14.3,-7686.74,Válvula,4,Lubrificação,Aberta,
58,27-04-2025,OS-1058,Soldadora Robotizada,Montagem ,WEG,Preventiva,,Automação,2.3,1.6,-4.1,-5627.44,Rolamento,8,Desgaste,Aberta,
59,2025-02-25,OS-1059,Corte Laser,Usin.,Siemens,Corretiva,,Eletricista,14.7,9.8,-12.9,-6892.21,Filtro,10,Lubrificação,Em andamento,
60,2025-04-05,OS-1060,Prensa Hidráulica,Usin.,Fanuc,Corretiva,,Mecânico,8.1,5.4,-8.7,-10438.56,Filtro,5,Desgaste,Aberta,
61,08-05-2025,OS-1061,Compressor,Usin.,Bosch,Preditiva,,Mecânico,12.4,10.4,-16.4,-2161.33,Válvula,8,Lubrificação,Concluída,
62,18-04-2025,OS-1062,Compressor,Usin.,WEG,Corretiva,,Eletricista,5.2,17.6,-13.5,-5538.52,CLP,1,Lubrificação,Concluída,
63,25/06/2025,OS-1063,Esteira,Montagem ,Siemens,Preventiva,,Eletricista,10.6,8.9,-1.3,-13878.93,Correia,9,Desgaste,Em andamento,
64,2025-01-05,OS-1064,Esteira,Montagem ,Fanuc,Preditiva,,Eletricista,2.9,12.6,-2.1,-9197.75,CLP,8,Falha elétrica,Em andamento,
65,11-02-2025,OS-1065,Compressor,Montagem ,Bosch,Preditiva,,Automação,12.1,1.4,-7.8,-12667.05,Rolamento,10,Desgaste,Aberta,
66,2025-03-04,OS-1066,Injetora,Usin.,Bosch,Preditiva,,Mecânico,5.1,11.5,-9.2,-5960.37,Correia,7,Desgaste,Aberta,
67,2025-02-24,OS-1067,Fresadora CNC,Montagem ,Fanuc,Preventiva,,Mecânico,3.8,13.8,-8.9,-13552.96,Filtro,5,Erro operador,Aberta,
68,01-06-2025,OS-1068,Prensa Hidráulica,Usin.,Siemens,Preditiva,,Mecânico,18.4,7.2,-21.0,-14649.26,Sensor,2,Falha elétrica,Aberta,
69,2025-04-09,OS-1069,Dobradeira,Montagem ,Siemens,Corretiva,,Automação,15.9,18.5,-7.7,-8322.14,CLP,2,Lubrificação,Aberta,
70,14-06-2025,OS-1070,Fresadora CNC,Usin.,Siemens,Preventiva,,Automação,14.6,12.1,-7.0,-363.73,Bomba,7,Lubrificação,Concluída,
71,2025-05-15,OS-1071,Injetora,Usin.,WEG,Preditiva,,Automação,15.2,18.1,-2.8,-3379.95,Motor,10,Falha elétrica,Aberta,
72,03/04/2025,OS-1072,Fresadora CNC,Montagem ,Siemens,Preventiva,,Eletricista,19.6,10.6,-13.8,-3344.42,CLP,9,Falha mecânica,Em andamento,
73,2025-06-19,OS-1073,Centro de Usinagem,Usin.,Schneider,Corretiva,,Automação,7.2,12.7,-8.1,-3216.2,Rolamento,2,Erro operador,Concluída,
74,2025-01-11,OS-1074,Esteira,Montagem ,Siemens,Corretiva,,Eletricista,18.3,15.6,-4.1,-6573.37,Sensor,4,Erro operador,Aberta,
75,11/05/2025,OS-1075,Fresadora CNC,Montagem ,Siemens,Preventiva,,Mecânico,9.0,14.0,-2.4,-14966.45,Sensor,7,Erro operador,Aberta,
76,21/02/2025,OS-1076,Compressor,Usin.,Siemens,Preditiva,,Eletricista,18.4,8.2,-2.3,-10690.74,Motor,7,Lubrificação,Aberta,
77,2025-05-02,OS-1077,Compressor,Montagem ,Siemens,Preventiva,,Automação,19.6,6.0,-13.5,-10098.78,Válvula,10,Lubrificação,Concluída,
78,25-02-2025,OS-1078,Fresadora CNC,Usin.,Fanuc,Preventiva,,Automação,3.2,20.0,-22.9,-14046.77,Motor,10,Desgaste,Aberta,
79,2025-03-16,OS-1079,Centro de Usinagem,Montagem ,Schneider,Preditiva,,Mecânico,14.6,4.2,-5.0,-7741.66,Filtro,2,Falha mecânica,Em andamento,
80,18/03/2025,OS-1080,Dobradeira,Usin.,Fanuc,Preventiva,,Eletricista,1.4,10.6,-18.9,-2710.67,Motor,10,Falha mecânica,Aberta,
81,2025-03-17,OS-1081,Injetora,Usin.,Siemens,Preventiva,,Automação,16.7,17.6,-8.5,-7113.66,Correia,9,Falha elétrica,Concluída,
82,24-06-2025,OS-1082,Corte Laser,Usin.,Schneider,Corretiva,,Automação,11.8,4.5,-8.6,-4042.06,Filtro,5,Erro operador,Aberta,
83,2025-03-03,OS-1083,Compressor,Montagem ,Fanuc,Preventiva,,Mecânico,9.4,18.6,-12.9,-524.08,Motor,10,Erro operador,Aberta,
84,2025-04-21,OS-1084,Prensa Hidráulica,Usin.,Fanuc,Preditiva,,Mecânico,15.4,9.8,-8.0,-2272.14,Filtro,10,Falha mecânica,Concluída,
85,12/06/2025,OS-1085,Dobradeira,Montagem ,Bosch,Corretiva,,Automação,15.4,13.8,-17.2,-8225.53,Motor,8,Desgaste,Em andamento,
86,05-06-2025,OS-1086,Injetora,Usin.,Siemens,Corretiva,,Eletricista,6.9,14.1,-9.3,-12182.36,Correia,4,Lubrificação,Concluída,
87,2025-03-16,OS-1087,Soldadora Robotizada,Usin.,Siemens,Preditiva,,Mecânico,16.5,9.0,-12.3,-234.81,CLP,4,Falha elétrica,Concluída,
88,24-04-2025,OS-1088,Dobradeira,Montagem ,Fanuc,Corretiva,,Mecânico,6.4,1.9,-19.2,-14914.99,Motor,5,Erro operador,Em andamento,
89,23/06/2025,OS-1089,Dobradeira,Usin.,Siemens,Preventiva,,Mecânico,18.2,18.4,-22.0,-8169.81,Motor,10,Falha elétrica,Concluída,
90,30-03-2025,OS-1090,Centro de Usinagem,Usin.,Fanuc,Preditiva,,Mecânico,13.6,5.5,-13.4,-14613.71,CLP,2,Lubrificação,Concluída,
91,2025-02-01,OS-1091,Compressor,Usin.,Schneider,Preditiva,,Eletricista,12.6,8.8,-22.3,-13822.9,Rolamento,5,Erro operador,Em andamento,
92,2025-01-21,OS-1092,Prensa Hidráulica,Usin.,Schneider,Preditiva,,Mecânico,17.5,3.7,-6.9,-10070.9,Válvula,1,Lubrificação,Aberta,
93,02-01-2025,OS-1093,Esteira,Usin.,WEG,Preditiva,,Mecânico,13.2,18.6,-16.6,-6858.46,Sensor,1,Falha elétrica,Aberta,
94,26/04/2025,OS-1094,Injetora,Montagem ,Schneider,Corretiva,,Eletricista,10.3,18.2,-12.9,-7405.5,Correia,8,Falha elétrica,Aberta,
95,2025-03-01,OS-1095,Soldadora Robotizada,Usin.,WEG,Corretiva,,Automação,2.5,2.3,-0.6,-7496.55,Motor,3,Falha elétrica,Aberta,
96,22/01/2025,OS-1096,Injetora,Usin.,WEG,Corretiva,,Mecânico,15.4,11.5,-4.8,-4133.76,Rolamento,8,Falha mecânica,Concluída,
97,05-05-2025,OS-1097,Torno CNC,Usin.,Bosch,Corretiva,,Eletricista,2.1,6.3,-5.1,-13831.35,Sensor,9,Falha elétrica,Aberta,
98,2025-06-02,OS-1098,Fresadora CNC,Montagem ,Fanuc,Preditiva,,Eletricista,18.8,7.3,-7.9,-12367.88,Bomba,3,Falha mecânica,Concluída,
99,2025-04-07,OS-1099,Centro de Usinagem,Montagem ,WEG,Preditiva,,Mecânico,12.8,6.5,-1.6,-14594.16,Sensor,2,Falha elétrica,Aberta,
100,12/03/2025,OS-1100,Torno CNC,Usin.,WEG,Corretiva,,Mecânico,8.9,17.7,-6.4,-10173.31,Motor,6,Desgaste,Aberta,
101,03/05/2025,OS-1101,Fresadora CNC,Usin.,Siemens,Corretiva,,Mecânico,5.9,9.7,-16.5,-3246.49,Bomba,5,Erro operador,Aberta,
102,16-02-2025,OS-1102,Centro de Usinagem,Usin.,Schneider,Corretiva,,Eletricista,13.7,3.9,-6.5,-10103.94,Válvula,2,Desgaste,Concluída,
103,2025-04-28,OS-1103,Soldadora Robotizada,Usin.,Bosch,Preditiva,,Eletricista,13.8,15.1,-22.2,-9070.6,Motor,6,Falha elétrica,Aberta,
104,23-02-2025,OS-1104,Soldadora Robotizada,Montagem ,Bosch,Preventiva,,Mecânico,4.4,14.5,-15.6,-7406.03,Sensor,7,Falha mecânica,Em andamento,
105,2025-02-14,OS-1105,Esteira,Montagem ,Siemens,Preditiva,,Eletricista,1.5,11.3,-17.4,-8561.79,Correia,9,Falha mecânica,Em andamento,
106,10-01-2025,OS-1106,Soldadora Robotizada,Usin.,Fanuc,Preventiva,,Automação,4.0,7.0,-21.4,-8547.55,Sensor,2,Falha elétrica,Aberta,
107,2025-04-25,OS-1107,Esteira,Usin.,Fanuc,Preditiva,,Eletricista,14.1,4.2,-12.8,-10733.5,Rolamento,7,Lubrificação,Em andamento,
108,13/03/2025,OS-1108,Prensa Hidráulica,Montagem ,Schneider,Preditiva,,Mecânico,13.1,1.4,-19.2,-11220.27,Correia,2,Falha mecânica,Concluída,
109,2025-05-31,OS-1109,Injetora,Usin.,Fanuc,Preventiva,,Automação,15.7,2.6,-13.4,-4176.01,Rolamento,10,Falha mecânica,Em andamento,
110,19-02-2025,OS-1110,Centro de Usinagem,Usin.,Siemens,Corretiva,,Automação,17.8,15.2,-15.5,-10826.72,Bomba,9,Falha elétrica,Concluída,
111,03-05-2025,OS-1111,Torno CNC,Usin.,Fanuc,Preventiva,,Automação,17.0,16.4,-1.7,-6318.65,Sensor,4,Desgaste,Em andamento,
112,2025-01-08,OS-1112,Compressor,Montagem ,Bosch,Corretiva,,Mecânico,13.6,12.1,-19.9,-2757.36,Válvula,7,Lubrificação,Concluída,
113,15-01-2025,OS-1113,Fresadora CNC,Usin.,Siemens,Preditiva,,Mecânico,10.3,15.8,-22.9,-1225.55,Rolamento,9,Falha elétrica,Aberta,
114,09/06/2025,OS-1114,Centro de Usinagem,Montagem ,Schneider,Corretiva,,Eletricista,7.3,15.7,-4.4,-5879.02,Correia,9,Falha elétrica,Em andamento,
115,2025-02-22,OS-1115,Prensa Hidráulica,Usin.,Fanuc,Preventiva,,Eletricista,14.9,5.3,-1.3,-7704.55,Correia,7,Erro operador,Em andamento,
116,13-05-2025,OS-1116,Corte Laser,Usin.,Schneider,Preventiva,,Mecânico,8.5,5.2,-14.0,-13406.8,Rolamento,7,Erro operador,Em andamento,
117,06/01/2025,OS-1117,Corte Laser,Montagem ,Bosch,Preditiva,,Eletricista,3.9,2.9,-2.9,-3150.07,Rolamento,9,Desgaste,Aberta,
118,13-06-2025,OS-1118,Torno CNC,Usin.,Bosch,Preditiva,,Automação,12.8,14.3,-13.2,-9985.99,Válvula,2,Falha mecânica,Concluída,
119,05-06-2025,OS-1119,Compressor,Usin.,WEG,Preventiva,,Eletricista,7.6,19.2,-0.7,-9925.52,Sensor,6,Desgaste,Concluída,
120,10-03-2025,OS-1120,Corte Laser,Usin.,Siemens,Corretiva,,Mecânico,11.4,13.4,-18.6,-3191.53,Rolamento,7,Erro operador,Em andamento,
121,2025-04-05,OS-1121,Esteira,Montagem ,Fanuc,Preditiva,,Mecânico,2.3,7.0,-10.0,-10270.8,Válvula,2,Erro operador,Concluída,
122,20/05/2025,OS-1122,Soldadora Robotizada,Montagem ,Fanuc,Corretiva,,Mecânico,1.7,3.7,-13.6,-7096.43,CLP,6,Desgaste,Em andamento,
123,15/03/2025,OS-1123,Dobradeira,Usin.,Bosch,Corretiva,,Mecânico,5.0,8.3,-13.5,-7656.92,Correia,3,Lubrificação,Aberta,
124,2025-02-15,OS-1124,Soldadora Robotizada,Montagem ,Bosch,Preditiva,,Automação,5.0,3.1,-3.1,-14874.28,Rolamento,8,Lubrificação,Em andamento,
125,2025-05-13,OS-1125,Compressor,Usin.,Fanuc,Preventiva,,Eletricista,3.3,8.7,-15.6,-4389.06,Sensor,10,Erro operador,Aberta,
126,01-02-2025,OS-1126,Dobradeira,Montagem ,Fanuc,Preventiva,,Automação,8.4,14.3,-2.4,-9011.87,Motor,7,Falha elétrica,Concluída,
127,08/03/2025,OS-1127,Injetora,Montagem ,Siemens,Preventiva,,Eletricista,19.0,6.9,-10.0,-4102.6,Sensor,8,Falha mecânica,Em andamento,
128,2025-04-22,OS-1128,Injetora,Usin.,Bosch,Preventiva,,Mecânico,19.3,11.7,-11.9,-11818.13,Filtro,8,Desgaste,Em andamento,
129,2025-03-15,OS-1129,Centro de Usinagem,Usin.,Fanuc,Corretiva,,Mecânico,10.9,5.1,-6.2,-8508.79,CLP,9,Lubrificação,Em andamento,
130,2025-03-31,OS-1130,Fresadora CNC,Usin.,WEG,Preventiva,,Automação,5.7,7.6,-19.2,-11340.58,Válvula,2,Desgaste,Aberta,
131,25/03/2025,OS-1131,Injetora,Usin.,Bosch,Corretiva,,Mecânico,6.3,13.3,-16.2,-11152.62,Bomba,9,Falha elétrica,Em andamento,
132,24/04/2025,OS-1132,Dobradeira,Usin.,Fanuc,Preditiva,,Eletricista,1.8,19.1,-13.1,-14087.06,Válvula,7,Erro operador,Aberta,
133,03/01/2025,OS-1133,Dobradeira,Usin.,Schneider,Preventiva,,Automação,14.9,13.1,-3.3,-11168.06,Válvula,3,Desgaste,Concluída,
134,2025-03-13,OS-1134,Compressor,Montagem ,Fanuc,Preventiva,,Eletricista,16.7,8.9,-7.1,-14894.27,Rolamento,9,Desgaste,Concluída,
135,18/01/2025,OS-1135,Dobradeira,Montagem ,Schneider,Preventiva,,Automação,5.3,1.1,-2.2,-1105.66,Motor,1,Erro operador,Em andamento,
136,09-01-2025,OS-1136,Prensa Hidráulica,Montagem ,WEG,Preventiva,,Automação,7.1,1.6,-9.7,-7942.24,Válvula,4,Falha mecânica,Em andamento,
137,20/04/2025,OS-1137,Corte Laser,Usin.,Siemens,Preditiva,,Eletricista,17.2,5.2,-11.6,-11857.93,Correia,1,Lubrificação,Concluída,
138,22-05-2025,OS-1138,Fresadora CNC,Montagem ,Siemens,Preventiva,,Eletricista,17.7,16.0,-1.4,-11962.77,Rolamento,4,Falha mecânica,Concluída,
139,2025-04-10,OS-1139,Fresadora CNC,Montagem ,Schneider,Preventiva,,Eletricista,5.8,19.8,-20.8,-14880.38,Filtro,6,Desgaste,Aberta,
140,22/02/2025,OS-1140,Fresadora CNC,Usin.,Bosch,Preditiva,,Eletricista,15.8,4.7,-5.8,-2157.41,Sensor,10,Erro operador,Aberta,
141,2025-03-09,OS-1141,Compressor,Montagem ,Siemens,Preditiva,,Automação,17.6,6.8,-9.3,-1658.91,Bomba,8,Falha elétrica,Aberta,
142,19/01/2025,OS-1142,Prensa Hidráulica,Usin.,Schneider,Preditiva,,Automação,11.5,4.3,-20.1,-12392.43,Filtro,8,Erro operador,Aberta,
143,2025-06-12,OS-1143,Fresadora CNC,Usin.,Fanuc,Preventiva,,Mecânico,10.8,7.6,-20.5,-2541.89,Filtro,8,Desgaste,Em andamento,
144,29/01/2025,OS-1144,Centro de Usinagem,Usin.,Siemens,Preditiva,,Mecânico,5.7,6.3,-3.7,-13891.43,Válvula,7,Falha mecânica,Concluída,
145,2025-04-20,OS-1145,Fresadora CNC,Montagem ,Siemens,Preventiva,,Mecânico,8.4,3.0,-16.6,-173.38,Filtro,6,Falha mecânica,Em andamento,
146,17/06/2025,OS-1146,Corte Laser,Usin.,Bosch,Preventiva,,Eletricista,5.9,5.0,-20.8,-8044.73,Rolamento,4,Lubrificação,Em andamento,
147,19/03/2025,OS-1147,Compressor,Montagem ,WEG,Corretiva,,Mecânico,15.3,17.6,-7.1,-7239.08,Motor,3,Desgaste,Aberta,
148,2025-06-29,OS-1148,Centro de Usinagem,Montagem ,Fanuc,Preditiva,,Mecânico,9.5,5.1,-10.6,-13172.02,Sensor,3,Falha elétrica,Aberta,
149,2025-06-28,OS-1149,Torno CNC,Montagem ,Fanuc,Corretiva,,Mecânico,7.7,6.2,-0.8,-14980.45,Motor,4,Erro operador,Em andamento,
150,13/02/2025,OS-1150,Injetora,Usin.,Siemens,Preditiva,,Eletricista,15.9,11.0,-10.9,-2353.2,Motor,1,Falha elétrica,Aberta,
151,2025-01-04,OS-1151,Prensa Hidráulica,Montagem ,Fanuc,Corretiva,,Mecânico,18.8,13.7,-13.9,-1452.29,Motor,8,Desgaste,Aberta,
152,22-04-2025,OS-1152,Prensa Hidráulica,Montagem ,WEG,Preditiva,,Eletricista,12.4,4.3,-4.1,-6458.13,Bomba,8,Desgaste,Concluída,
153,2025-06-03,OS-1153,Dobradeira,Montagem ,Schneider,Corretiva,,Eletricista,4.7,4.7,-19.3,-9034.55,CLP,4,Erro operador,Aberta,
154,03-04-2025,OS-1154,Corte Laser,Usin.,WEG,Preventiva,,Automação,9.6,13.6,-3.5,-11993.44,Bomba,10,Desgaste,Concluída,
155,21-01-2025,OS-1155,Corte Laser,Usin.,Fanuc,Preditiva,,Mecânico,5.0,2.8,-2.2,-11955.99,CLP,9,Falha mecânica,Concluída,
156,25/03/2025,OS-1156,Torno CNC,Montagem ,WEG,Preditiva,,Eletricista,12.4,13.3,-15.8,-13669.29,Correia,5,Desgaste,Em andamento,
157,03/05/2025,OS-1157,Corte Laser,Montagem ,Schneider,Corretiva,,Automação,2.3,5.7,-11.0,-14676.74,Bomba,7,Lubrificação,Em andamento,
158,09-03-2025,OS-1158,Injetora,Usin.,Siemens,Preventiva,,Mecânico,5.3,4.6,-10.9,-5064.22,CLP,5,Lubrificação,Aberta,
159,04/05/2025,OS-1159,Prensa Hidráulica,Usin.,WEG,Corretiva,,Eletricista,1.4,18.7,-17.2,-1238.04,Sensor,3,Falha mecânica,Aberta,
160,2025-03-29,OS-1160,Esteira,Usin.,Fanuc,Preditiva,,Automação,17.6,10.8,-2.1,-13459.02,Bomba,6,Falha elétrica,Aberta,
161,07-02-2025,OS-1161,Centro de Usinagem,Usin.,Schneider,Preventiva,,Eletricista,16.4,4.2,-11.5,-5012.82,Rolamento,3,Erro operador,Aberta,
162,14/02/2025,OS-1162,Prensa Hidráulica,Montagem ,Fanuc,Corretiva,,Eletricista,8.3,12.7,-14.1,-4197.29,Filtro,8,Falha elétrica,Concluída,
163,2025-02-28,OS-1163,Esteira,Montagem ,Bosch,Preventiva,,Mecânico,12.0,12.5,-4.2,-3639.91,Rolamento,1,Erro operador,Concluída,
164,2025-05-15,OS-1164,Injetora,Usin.,WEG,Preventiva,,Automação,3.5,17.0,-8.1,-2276.15,Válvula,4,Falha elétrica,Concluída,
165,13/05/2025,OS-1165,Esteira,Montagem ,Schneider,Corretiva,,Mecânico,5.9,3.6,-15.9,-5273.63,Correia,1,Lubrificação,Aberta,
166,22-02-2025,OS-1166,Corte Laser,Montagem ,Bosch,Corretiva,,Eletricista,5.8,13.1,-10.0,-4930.64,Rolamento,7,Desgaste,Em andamento,
167,22/06/2025,OS-1167,Dobradeira,Montagem ,Schneider,Corretiva,,Eletricista,7.3,5.9,-21.0,-3400.34,Rolamento,9,Desgaste,Em andamento,
168,05-03-2025,OS-1168,Esteira,Montagem ,Fanuc,Preventiva,,Automação,18.7,8.4,-13.5,-10823.56,Motor,7,Desgaste,Aberta,
169,01/02/2025,OS-1169,Prensa Hidráulica,Montagem ,WEG,Corretiva,,Automação,19.1,9.5,-8.3,-2525.99,Válvula,2,Erro operador,Aberta,
170,2025-04-14,OS-1170,Injetora,Montagem ,WEG,Preventiva,,Mecânico,11.4,11.7,-23.1,-2052.89,Sensor,10,Falha mecânica,Aberta,
171,07/03/2025,OS-1171,Soldadora Robotizada,Montagem ,WEG,Corretiva,,Eletricista,19.4,14.2,-7.9,-3537.36,Bomba,5,Erro operador,Em andamento,
172,13-02-2025,OS-1172,Centro de Usinagem,Montagem ,Schneider,Preventiva,,Automação,20.0,19.1,-1.0,-9534.5,Bomba,5,Falha mecânica,Em andamento,
173,14/04/2025,OS-1173,Fresadora CNC,Usin.,Bosch,Corretiva,,Eletricista,7.3,6.3,-13.5,-824.42,Sensor,3,Erro operador,Aberta,
174,2025-04-26,OS-1174,Injetora,Montagem ,Siemens,Preditiva,,Eletricista,17.5,2.5,-1.5,-1985.67,Motor,2,Erro operador,Aberta,
175,2025-03-04,OS-1175,Injetora,Montagem ,Schneider,Preditiva,,Mecânico,17.3,14.8,-2.8,-3787.58,CLP,3,Erro operador,Concluída,
176,09-02-2025,OS-1176,Centro de Usinagem,Usin.,Fanuc,Corretiva,,Automação,1.3,13.1,-21.5,-7599.04,Correia,7,Falha elétrica,Concluída,
177,23/04/2025,OS-1177,Compressor,Montagem ,Schneider,Preditiva,,Mecânico,1.2,17.6,-16.1,-7260.95,Filtro,7,Desgaste,Aberta,
178,01/02/2025,OS-1178,Torno CNC,Montagem ,WEG,Preditiva,,Automação,6.2,6.7,-11.2,-8761.59,Filtro,10,Falha mecânica,Em andamento,
179,2025-01-12,OS-1179,Esteira,Montagem ,Siemens,Preditiva,,Eletricista,15.8,7.6,-12.4,-5789.62,Válvula,8,Erro operador,Em andamento,
180,15-05-2025,OS-1180,Soldadora Robotizada,Montagem ,Schneider,Preventiva,,Eletricista,2.6,19.6,-16.8,-12927.3,CLP,2,Falha elétrica,Concluída,
181,15/04/2025,OS-1181,Compressor,Usin.,Schneider,Preventiva,,Eletricista,7.7,8.7,-9.5,-4787.71,Correia,9,Desgaste,Concluída,
182,19-02-2025,OS-1182,Dobradeira,Montagem ,WEG,Corretiva,,Mecânico,8.4,7.1,-14.8,-8916.78,Filtro,7,Lubrificação,Aberta,
183,29/05/2025,OS-1183,Dobradeira,Montagem ,WEG,Corretiva,,Mecânico,18.3,7.8,-18.4,-143.52,Motor,2,Desgaste,Concluída,
184,31/01/2025,OS-1184,Torno CNC,Montagem ,Bosch,Preditiva,,Mecânico,17.8,2.5,-18.6,-7110.91,Bomba,8,Falha mecânica,Em andamento,
185,2025-05-14,OS-1185,Centro de Usinagem,Usin.,WEG,Corretiva,,Mecânico,2.1,16.0,-2.9,-4353.11,Válvula,9,Falha elétrica,Em andamento,
186,21/01/2025,OS-1186,Torno CNC,Usin.,Siemens,Preventiva,,Automação,19.0,15.7,-15.1,-452.43,Válvula,10,Falha mecânica,Em andamento,
187,30/06/2025,OS-1187,Compressor,Usin.,Schneider,Corretiva,,Eletricista,10.5,15.3,-7.8,-6911.1,Válvula,9,Lubrificação,Concluída,
188,10/06/2025,OS-1188,Soldadora Robotizada,Montagem ,Schneider,Preditiva,,Automação,1.3,13.4,-19.2,-1538.0,CLP,3,Lubrificação,Em andamento,
189,06-03-2025,OS-1189,Compressor,Usin.,WEG,Preventiva,,Mecânico,18.8,16.3,-17.8,-9886.12,Sensor,3,Erro operador,Concluída,
190,06/06/2025,OS-1190,Corte Laser,Montagem ,Fanuc,Preventiva,,Automação,4.4,10.1,-12.5,-7311.92,Válvula,5,Falha elétrica,Em andamento,
191,29-05-2025,OS-1191,Compressor,Montagem ,Schneider,Corretiva,,Mecânico,12.3,6.9,-16.6,-8451.71,Bomba,7,Erro operador,Concluída,
192,27/06/2025,OS-1192,Compressor,Montagem ,Siemens,Preventiva,,Eletricista,10.7,12.3,-21.1,-12903.36,Bomba,10,Lubrificação,Em andamento,
193,2025-01-01,OS-1193,Dobradeira,Usin.,WEG,Preditiva,,Mecânico,3.0,12.1,-20.4,-6740.82,CLP,4,Falha mecânica,Concluída,
194,01-01-2025,OS-1194,Dobradeira,Montagem ,Fanuc,Preditiva,,Eletricista,19.1,2.8,-23.2,-696.7,Sensor,5,Falha mecânica,Concluída,
195,19/05/2025,OS-1195,Prensa Hidráulica,Usin.,Schneider,Corretiva,,Mecânico,18.8,9.5,-3.9,-10110.26,Sensor,6,Lubrificação,Em andamento,
196,18/06/2025,OS-1196,Dobradeira,Montagem ,Siemens,Preventiva,,Mecânico,4.9,12.3,-22.8,-8908.73,Correia,3,Desgaste,Em andamento,
197,2025-01-23,OS-1197,Esteira,Usin.,Fanuc,Preditiva,,Eletricista,5.6,18.3,-19.5,-13290.8,Sensor,7,Desgaste,Aberta,
198,29/06/2025,OS-1198,Injetora,Montagem ,WEG,Corretiva,,Automação,4.4,13.1,-2.7,-12193.66,Bomba,2,Erro operador,Aberta,
199,09/01/2025,OS-1199,Corte Laser,Montagem ,Bosch,Preditiva,,Mecânico,12.2,18.4,-7.0,-7768.05,Sensor,9,Falha mecânica,Aberta,
200,2025-02-13,OS-1200,Esteira,Usin.,Fanuc,Preventiva,,Mecânico,14.4,10.9,-17.1,-6278.98,Bomba,5,Erro operador,Concluída,
201,2025-02-20,OS-1201,Esteira,Usin.,Schneider,Corretiva,,Automação,10.8,15.8,-7.4,-13984.27,Bomba,9,Erro operador,Concluída,
202,03/06/2025,OS-1202,Corte Laser,Montagem ,Bosch,Preventiva,,Mecânico,7.8,9.6,-7.4,-10504.89,Sensor,3,Falha elétrica,Concluída,
203,19/06/2025,OS-1203,Fresadora CNC,Usin.,WEG,Preditiva,,Automação,15.9,5.2,-0.7,-3898.09,Válvula,5,Falha mecânica,Aberta,
204,2025-03-23,OS-1204,Corte Laser,Usin.,Siemens,Corretiva,,Mecânico,19.9,9.6,-15.3,-5921.89,Sensor,1,Erro operador,Em andamento,
205,2025-03-08,OS-1205,Fresadora CNC,Montagem ,WEG,Preventiva,,Mecânico,14.7,5.4,-20.5,-12882.07,Sensor,1,Lubrificação,Aberta,
206,11-03-2025,OS-1206,Compressor,Usin.,Fanuc,Corretiva,,Automação,6.6,16.2,-18.3,-5498.34,Motor,6,Desgaste,Em andamento,
207,2025-04-21,OS-1207,Prensa Hidráulica,Usin.,Fanuc,Preventiva,,Mecânico,7.2,1.3,-22.6,-343.27,Motor,1,Desgaste,Em andamento,
208,30/01/2025,OS-1208,Torno CNC,Montagem ,WEG,Preditiva,,Mecânico,9.0,9.1,-20.8,-3322.56,Rolamento,3,Falha elétrica,Aberta,
209,07/06/2025,OS-1209,Injetora,Usin.,Schneider,Corretiva,,Mecânico,6.2,11.5,-14.6,-7877.69,CLP,10,Erro operador,Concluída,
210,2025-01-06,OS-1210,Centro de Usinagem,Usin.,WEG,Corretiva,,Eletricista,4.3,6.6,-6.4,-2749.49,Válvula,2,Desgaste,Em andamento,
211,07/01/2025,OS-1211,Centro de Usinagem,Montagem ,Siemens,Preventiva,,Eletricista,1.1,9.6,-22.5,-4516.08,Válvula,3,Lubrificação,Aberta,
212,2025-01-18,OS-1212,Centro de Usinagem,Montagem ,Schneider,Preventiva,,Automação,10.3,4.2,-6.0,-10151.96,Correia,9,Falha mecânica,Concluída,
213,31-03-2025,OS-1213,Fresadora CNC,Usin.,Schneider,Corretiva,,Automação,9.4,11.9,-0.9,-11125.47,CLP,1,Falha mecânica,Aberta,
214,05/06/2025,OS-1214,Dobradeira,Montagem ,Siemens,Corretiva,,Eletricista,19.0,1.0,-5.3,-1474.42,CLP,9,Falha mecânica,Concluída,
215,18-01-2025,OS-1215,Fresadora CNC,Usin.,Fanuc,Preventiva,,Eletricista,17.1,6.2,-19.3,-13010.65,Motor,8,Erro operador,Em andamento,
216,16/04/2025,OS-1216,Compressor,Montagem ,Bosch,Corretiva,,Automação,19.7,4.0,-3.5,-14838.59,Sensor,6,Desgaste,Concluída,
217,09/02/2025,OS-1217,Dobradeira,Montagem ,WEG,Preventiva,,Eletricista,2.2,12.1,-22.7,-4294.69,CLP,1,Falha elétrica,Aberta,
218,02/06/2025,OS-1218,Corte Laser,Usin.,Fanuc,Preditiva,,Eletricista,17.7,4.7,-13.2,-13849.11,Sensor,4,Falha elétrica,Em andamento,
219,09-02-2025,OS-1219,Torno CNC,Montagem ,Fanuc,Preditiva,,Eletricista,5.9,14.7,-9.5,-900.49,Sensor,5,Erro operador,Em andamento,
220,2025-01-02,OS-1220,Fresadora CNC,Usin.,Schneider,Preventiva,,Automação,6.4,5.2,-3.6,-12866.55,Filtro,4,Falha mecânica,Em andamento,
221,12/04/2025,OS-1221,Compressor,Usin.,WEG,Corretiva,,Mecânico,8.8,11.7,-15.4,-5975.34,CLP,5,Lubrificação,Em andamento,
222,13/04/2025,OS-1222,Corte Laser,Montagem ,Siemens,Preventiva,,Automação,2.7,1.6,-14.1,-8773.7,Válvula,1,Erro operador,Em andamento,
223,2025-02-21,OS-1223,Fresadora CNC,Usin.,WEG,Corretiva,,Eletricista,8.2,8.3,-7.3,-13779.49,CLP,3,Falha mecânica,Concluída,
224,17/05/2025,OS-1224,Dobradeira,Usin.,Siemens,Corretiva,,Mecânico,2.9,13.9,-21.3,-14505.87,Filtro,9,Falha mecânica,Concluída,
225,18/03/2025,OS-1225,Corte Laser,Usin.,Schneider,Preditiva,,Eletricista,3.7,10.3,-1.0,-13763.21,Motor,3,Desgaste,Aberta,
226,17/03/2025,OS-1226,Compressor,Usin.,Siemens,Corretiva,,Automação,19.5,11.5,-22.6,-5752.07,Sensor,9,Lubrificação,Aberta,
227,05/04/2025,OS-1227,Esteira,Usin.,Fanuc,Preventiva,,Mecânico,19.2,6.9,-18.4,-12080.38,Rolamento,6,Falha elétrica,Em andamento,
228,2025-04-03,OS-1228,Centro de Usinagem,Montagem ,Fanuc,Corretiva,,Automação,13.9,8.2,-22.6,-3321.45,Sensor,8,Falha mecânica,Em andamento,
229,2025-05-15,OS-1229,Fresadora CNC,Usin.,WEG,Preditiva,,Eletricista,16.3,4.1,-10.6,-493.84,Correia,1,Desgaste,Em andamento,
230,2025-04-03,OS-1230,Dobradeira,Usin.,Siemens,Corretiva,,Eletricista,9.5,1.5,-14.6,-672.7,Motor,10,Desgaste,Concluída,
231,2025-04-24,OS-1231,Compressor,Montagem ,WEG,Preditiva,,Mecânico,4.4,13.4,-6.1,-7099.98,Filtro,5,Falha mecânica,Concluída,
232,24-06-2025,OS-1232,Dobradeira,Usin.,Fanuc,Preventiva,,Eletricista,19.4,11.2,-1.4,-5759.3,Bomba,5,Falha elétrica,Em andamento,
233,13/03/2025,OS-1233,Prensa Hidráulica,Usin.,Schneider,Corretiva,,Mecânico,18.9,2.0,-12.8,-12567.85,Bomba,10,Erro operador,Aberta,
234,2025-01-20,OS-1234,Torno CNC,Montagem ,Siemens,Corretiva,,Eletricista,5.1,16.3,-15.5,-175.53,Válvula,8,Erro operador,Em andamento,
235,2025-04-06,OS-1235,Esteira,Montagem ,Schneider,Corretiva,,Automação,8.2,15.9,-3.2,-10724.28,CLP,6,Desgaste,Concluída,
236,24-05-2025,OS-1236,Centro de Usinagem,Usin.,Schneider,Preventiva,,Automação,13.5,5.5,-23.4,-10924.59,Correia,3,Falha elétrica,Em andamento,
237,28-01-2025,OS-1237,Compressor,Usin.,Schneider,Preventiva,,Eletricista,15.9,9.8,-8.8,-2970.56,Rolamento,1,Lubrificação,Concluída,
238,04-04-2025,OS-1238,Injetora,Montagem ,Siemens,Preventiva,,Automação,17.8,7.3,-13.8,-13933.78,Sensor,10,Falha elétrica,Concluída,
239,2025-05-08,OS-1239,Prensa Hidráulica,Usin.,Siemens,Preditiva,,Automação,15.3,2.6,-9.1,-1253.75,CLP,7,Erro operador,Em andamento,
240,2025-01-15,OS-1240,Soldadora Robotizada,Usin.,Siemens,Preventiva,,Eletricista,15.5,7.0,-13.5,-1872.32,Filtro,1,Erro operador,Em andamento,
241,13-02-2025,OS-1241,Dobradeira,Montagem ,Siemens,Corretiva,,Automação,10.8,2.3,-20.7,-4578.19,Bomba,10,Falha elétrica,Em andamento,
242,08/03/2025,OS-1242,Centro de Usinagem,Usin.,Fanuc,Preditiva,,Mecânico,11.3,11.2,-7.5,-6339.25,Motor,6,Falha mecânica,Em andamento,
243,2025-04-06,OS-1243,Esteira,Usin.,Fanuc,Preventiva,,Automação,20.0,1.0,-9.2,-4171.39,Filtro,6,Lubrificação,Em andamento,
244,06-04-2025,OS-1244,Soldadora Robotizada,Usin.,Schneider,Preditiva,,Mecânico,15.6,12.1,-1.5,-6435.77,Correia,2,Falha elétrica,Em andamento,
245,06-02-2025,OS-1245,Injetora,Usin.,Fanuc,Preditiva,,Mecânico,11.6,20.0,-17.0,-1995.86,Correia,7,Falha mecânica,Aberta,
246,2025-06-24,OS-1246,Centro de Usinagem,Montagem ,WEG,Preditiva,,Mecânico,16.3,15.4,-13.0,-3120.74,Bomba,4,Falha mecânica,Concluída,
247,08/06/2025,OS-1247,Fresadora CNC,Usin.,Fanuc,Preventiva,,Mecânico,10.8,3.3,-0.9,-10836.58,Motor,1,Falha mecânica,Concluída,
248,03-05-2025,OS-1248,Injetora,Montagem ,Bosch,Preventiva,,Mecânico,19.5,9.3,-5.6,-9769.08,CLP,7,Desgaste,Aberta,
249,2025-01-21,OS-1249,Esteira,Usin.,Siemens,Preditiva,,Mecânico,5.8,8.9,-3.2,-7510.35,Motor,10,Falha mecânica,Aberta,
250,20-03-2025,OS-1250,Torno CNC,Montagem ,WEG,Preventiva,,Mecânico,2.1,5.7,-23.0,-8403.04,Válvula,1,Erro operador,Em andamento,
251,2025-04-23,OS-1251,Soldadora Robotizada,Usin.,WEG,Preventiva,,Automação,5.9,4.7,-12.6,-5671.84,Rolamento,5,Erro operador,Concluída,
252,2025-02-10,OS-1252,Prensa Hidráulica,Usin.,Siemens,Preditiva,,Eletricista,14.2,9.1,-5.7,-7509.4,Rolamento,4,Falha mecânica,Concluída,
253,09/02/2025,OS-1253,Dobradeira,Montagem ,Fanuc,Preditiva,,Eletricista,11.7,12.3,-9.0,-7314.39,CLP,9,Lubrificação,Aberta,
254,11-03-2025,OS-1254,Centro de Usinagem,Montagem ,Schneider,Preditiva,,Mecânico,4.0,15.3,-7.6,-11265.77,Motor,7,Falha mecânica,Em andamento,
255,2025-02-19,OS-1255,Compressor,Montagem ,Fanuc,Corretiva,,Automação,17.2,1.7,-2.4,-14104.57,Motor,2,Lubrificação,Em andamento,
256,04-03-2025,OS-1256,Torno CNC,Montagem ,Bosch,Preditiva,,Mecânico,13.6,2.2,-13.7,-1496.09,Correia,2,Erro operador,Em andamento,
257,2025-02-27,OS-1257,Injetora,Usin.,WEG,Corretiva,,Automação,18.1,14.7,-5.8,-12116.98,Correia,2,Desgaste,Concluída,
258,22-05-2025,OS-1258,Centro de Usinagem,Usin.,WEG,Preditiva,,Automação,18.7,7.9,-4.3,-5476.79,Correia,1,Falha elétrica,Concluída,
259,2025-02-28,OS-1259,Torno CNC,Montagem ,Fanuc,Preditiva,,Mecânico,18.5,19.7,-2.8,-14107.66,Bomba,10,Desgaste,Em andamento,
260,25-01-2025,OS-1260,Injetora,Montagem ,WEG,Corretiva,,Automação,16.0,7.2,-15.1,-10812.95,Bomba,1,Falha elétrica,Em andamento,
261,13/04/2025,OS-1261,Fresadora CNC,Montagem ,Fanuc,Preditiva,,Automação,2.0,12.0,-11.9,-13050.24,Válvula,3,Falha elétrica,Em andamento,
262,09/04/2025,OS-1262,Esteira,Usin.,Siemens,Corretiva,,Mecânico,3.5,15.6,-0.9,-14345.46,CLP,10,Falha mecânica,Em andamento,
263,2025-04-12,OS-1263,Torno CNC,Usin.,Bosch,Preventiva,,Mecânico,15.0,3.3,-13.4,-11511.34,Rolamento,10,Lubrificação,Concluída,
264,20/06/2025,OS-1264,Injetora,Usin.,WEG,Preventiva,,Automação,15.8,7.6,-22.1,-7464.31,Correia,6,Desgaste,Em andamento,
265,11/02/2025,OS-1265,Dobradeira,Usin.,Bosch,Preditiva,,Automação,6.6,4.3,-8.4,-1826.82,Válvula,6,Lubrificação,Em andamento,
266,01-03-2025,OS-1266,Fresadora CNC,Usin.,WEG,Preventiva,,Automação,11.4,5.1,-22.1,-7097.26,CLP,2,Desgaste,Em andamento,
267,04/06/2025,OS-1267,Esteira,Montagem ,Schneider,Preventiva,,Eletricista,12.9,6.1,-5.2,-1980.48,Motor,9,Falha mecânica,Concluída,
268,2025-01-22,OS-1268,Corte Laser,Montagem ,Bosch,Corretiva,,Automação,8.8,9.9,-15.3,-3011.83,Bomba,10,Falha mecânica,Em andamento,
269,13-03-2025,OS-1269,Dobradeira,Usin.,Schneider,Corretiva,,Mecânico,11.1,8.8,-15.9,-14899.8,Sensor,7,Falha mecânica,Em andamento,
270,20-02-2025,OS-1270,Esteira,Usin.,Siemens,Preventiva,,Mecânico,16.8,5.8,-9.9,-9413.92,Sensor,6,Falha elétrica,Em andamento,
271,26/05/2025,OS-1271,Prensa Hidráulica,Montagem ,WEG,Corretiva,,Mecânico,19.0,12.7,-1.0,-6791.62,Motor,9,Lubrificação,Em andamento,
272,05-01-2025,OS-1272,Compressor,Usin.,Siemens,Preditiva,,Automação,19.4,7.0,-12.7,-4828.81,CLP,10,Erro operador,Aberta,
273,2025-05-22,OS-1273,Dobradeira,Usin.,Schneider,Preventiva,,Eletricista,7.7,12.3,-7.0,-13184.94,Rolamento,10,Falha elétrica,Concluída,
274,13/06/2025,OS-1274,Torno CNC,Montagem ,Bosch,Corretiva,,Eletricista,5.4,8.2,-23.9,-4696.16,Correia,8,Erro operador,Aberta,
275,21/05/2025,OS-1275,Dobradeira,Usin.,WEG,Preditiva,,Mecânico,14.6,19.0,-17.8,-8199.26,Válvula,10,Lubrificação,Em andamento,
276,01/02/2025,OS-1276,Dobradeira,Usin.,Fanuc,Preventiva,,Mecânico,13.3,9.8,-13.0,-12559.31,Filtro,2,Falha mecânica,Concluída,
277,06/01/2025,OS-1277,Torno CNC,Usin.,Siemens,Preventiva,,Eletricista,18.7,7.8,-4.9,-8447.67,Filtro,10,Desgaste,Em andamento,
278,17-04-2025,OS-1278,Soldadora Robotizada,Usin.,Fanuc,Preventiva,,Automação,14.2,19.4,-8.7,-14314.72,Sensor,7,Lubrificação,Em andamento,
279,2025-06-03,OS-1279,Torno CNC,Montagem ,Schneider,Corretiva,,Mecânico,15.3,14.7,-21.8,-10046.36,Sensor,3,Falha elétrica,Concluída,
280,2025-06-02,OS-1280,Esteira,Montagem ,Bosch,Preventiva,,Automação,14.1,13.5,-23.5,-2375.62,Correia,7,Falha mecânica,Aberta,
281,2025-06-01,OS-1281,Esteira,Montagem ,Bosch,Preventiva,,Mecânico,6.8,7.9,-9.5,-13683.27,Rolamento,8,Erro operador,Concluída,
282,28-04-2025,OS-1282,Prensa Hidráulica,Usin.,Fanuc,Preditiva,,Automação,3.9,11.4,-16.7,-506.7,Motor,1,Falha mecânica,Aberta,
283,22-06-2025,OS-1283,Compressor,Montagem ,Schneider,Corretiva,,Automação,14.8,9.3,-6.6,-6725.45,Filtro,1,Desgaste,Concluída,
284,10/05/2025,OS-1284,Compressor,Montagem ,WEG,Corretiva,,Eletricista,9.7,7.6,-20.0,-10485.58,Filtro,9,Erro operador,Concluída,
285,17-04-2025,OS-1285,Torno CNC,Usin.,WEG,Corretiva,,Eletricista,8.4,16.7,-22.5,-4056.3,Motor,7,Erro operador,Concluída,
286,27/01/2025,OS-1286,Esteira,Montagem ,Fanuc,Preditiva,,Automação,1.1,9.4,-20.1,-1390.88,Motor,3,Erro operador,Aberta,
287,2025-01-17,OS-1287,Injetora,Montagem ,WEG,Preditiva,,Eletricista,14.1,15.9,-2.4,-4290.23,Rolamento,4,Falha elétrica,Concluída,
288,03-05-2025,OS-1288,Soldadora Robotizada,Montagem ,Schneider,Corretiva,,Eletricista,11.4,13.1,-9.9,-8728.47,CLP,8,Falha elétrica,Aberta,
289,2025-03-20,OS-1289,Corte Laser,Usin.,WEG,Preventiva,,Automação,6.4,13.5,-23.1,-3355.4,Motor,6,Falha elétrica,Concluída,
290,21/02/2025,OS-1290,Injetora,Usin.,WEG,Preventiva,,Mecânico,14.0,3.6,-23.0,-14883.79,Rolamento,8,Lubrificação,Concluída,
291,24-04-2025,OS-1291,Torno CNC,Montagem ,Bosch,Corretiva,,Eletricista,9.2,18.6,-9.3,-6372.06,Válvula,3,Falha mecânica,Aberta,
292,23-06-2025,OS-1292,Soldadora Robotizada,Montagem ,Siemens,Preventiva,,Eletricista,15.9,2.4,-22.7,-13028.55,CLP,1,Erro operador,Em andamento,
293,27/01/2025,OS-1293,Soldadora Robotizada,Usin.,Siemens,Preventiva,,Mecânico,8.5,17.1,-9.3,-1654.46,Rolamento,9,Lubrificação,Em andamento,
294,2025-04-18,OS-1294,Dobradeira,Usin.,Siemens,Corretiva,,Eletricista,12.2,4.4,-10.1,-2086.68,Bomba,1,Erro operador,Concluída,
295,04-04-2025,OS-1295,Centro de Usinagem,Montagem ,Schneider,Preditiva,,Mecânico,14.4,18.5,-4.6,-6358.86,Filtro,4,Desgaste,Concluída,
296,2025-01-03,OS-1296,Fresadora CNC,Montagem ,WEG,Preventiva,,Mecânico,13.6,10.9,-4.5,-5389.72,Correia,6,Falha elétrica,Concluída,
297,2025-01-13,OS-1297,Torno CNC,Usin.,Bosch,Preventiva,,Automação,12.1,9.7,-16.2,-7589.6,Filtro,10,Lubrificação,Em andamento,
298,16/01/2025,OS-1298,Torno CNC,Montagem ,Schneider,Corretiva,,Mecânico,8.3,9.2,-1.2,-5692.44,CLP,8,Desgaste,Concluída,
299,2025-02-10,OS-1299,Corte Laser,Montagem ,Bosch,Corretiva,,Automação,13.5,3.2,-8.5,-1756.09,Bomba,6,Lubrificação,Aberta,
300,21-05-2025,OS-1300,Compressor,Usin.,Fanuc,Preventiva,,Eletricista,1.1,4.9,-12.2,-4779.24,Motor,5,Falha elétrica,Aberta,
