ID_Registro;Data_Manutencao;Numero_OS;Maquina;Setor;Fabricante;Tipo_Manutencao;Especialidade_x;Horas_Parada;Custo_Manutencao;Peca_Utilizada;Quantidade_Pecas;Causa_Falha;Status_OS;ID_Tecnico;Nome_Tecnico;Especialidade_y
1;2025-04-26 00:00:00;OS-1001;Prensa Hidráulica;Montagem ;Bosch;Preventiva;Mecânico;17:42;701,11;Bomba;3;Falha elétrica;Aberta;TEC001;Carlos Silva;Mecânico
2;2025-02-17 00:00:00;OS-1002;Prensa Hidráulica;Montagem ;Siemens;Preditiva;Automaçăo;17:12;11805,37;Bomba;7;Falha elétrica;Concluída;TEC004;Fernanda Alves;Eletricista
3;2025-03-02 00:00:00;OS-1003;Torno CNC;Montagem ;WEG;Preditiva;Automaçăo;08:00;9588,87;Filtro;8;Lubrificaçăo;Em andamento;TEC002;Joăo Santos;Mecânico
4;2025-04-29 00:00:00;OS-1004;Torno CNC;Usin.;Schneider;Preditiva;Automaçăo;03:24;6849,24;Sensor;9;Falha mecânica;Em andamento;TEC007;Rafael Lima;Mecânico
5;2025-06-02 00:00:00;OS-1005;Prensa Hidráulica;Usin.;Siemens;Preditiva;Mecânico;07:36;12967,13;Sensor;4;Falha mecânica;Concluída;TEC006;Marcos Rocha;Automaçăo
6;2025-01-02 00:00:00;OS-1006;Torno CNC;Usin.;Bosch;Corretiva;Automaçăo;06:00;3489,14;Rolamento;1;Lubrificaçăo;Aberta;TEC008;Bruno Martins;Eletricista
7;2025-02-24 00:00:00;OS-1007;Prensa Hidráulica;Montagem ;Schneider;Preventiva;Automaçăo;14:00;6187,44;Bomba;1;Lubrificaçăo;Em andamento;TEC001;Carlos Silva;Mecânico
8;2025-05-29 00:00:00;OS-1008;Torno CNC;Usin.;Bosch;Corretiva;Mecânico;12:00;2551,49;Correia;3;Erro operador;Concluída;TEC009;Juliana Ribeiro;Automaçăo
9;2025-06-04 00:00:00;OS-1009;Prensa Hidráulica;Usin.;Schneider;Corretiva;Eletricista;02:06;4107,68;Bomba;3;Desgaste;Aberta;TEC002;Joăo Santos;Mecânico
10;2025-06-24 00:00:00;OS-1010;Torno CNC;Usin.;WEG;Corretiva;Automaçăo;02:30;8571,51;Filtro;2;Falha elétrica;Em andamento;TEC004;Fernanda Alves;Eletricista
11;2025-05-25 00:00:00;OS-1011;Torno CNC;Usin.;Siemens;Preditiva;Mecânico;04:06;12110,19;Filtro;1;Erro operador;Em andamento;TEC007;Rafael Lima;Mecânico
12;2025-08-02 00:00:00;OS-1012;Prensa Hidráulica;Montagem ;Bosch;Preventiva;Automaçăo;16:30;8715,27;CLP;7;Falha mecânica;Concluída;TEC006;Marcos Rocha;Automaçăo
13;2025-11-03 00:00:00;OS-1013;Torno CNC;Usin.;Fanuc;Preventiva;Mecânico;08:00;1423,19;Bomba;10;Desgaste;Em andamento;TEC005;Lucas Pereira;Automaçăo
14;2025-04-02 00:00:00;OS-1014;Torno CNC;Usin.;Bosch;Corretiva;Eletricista;03:30;1974,51;Filtro;3;Falha mecânica;Concluída;TEC009;Juliana Ribeiro;Automaçăo
15;2025-04-01 00:00:00;OS-1015;Prensa Hidráulica;Usin.;Schneider;Preventiva;Eletricista;16:54;1809,7;Rolamento;10;Falha mecânica;Concluída;TEC002;Joăo Santos;Mecânico
16;2025-07-02 00:00:00;OS-1016;Torno CNC;Montagem ;Siemens;Corretiva;Mecânico;06:48;8621,91;Rolamento;9;Falha mecânica;Aberta;TEC011;Patricia Souza;Eletricista
17;2025-01-03 00:00:00;OS-1017;Prensa Hidráulica;Usin.;Siemens;Preventiva;Mecânico;19:24;4634,9;Motor;10;Falha mecânica;Aberta;TEC009;Juliana Ribeiro;Automaçăo
18;2025-05-09 00:00:00;OS-1018;Prensa Hidráulica;Usin.;Fanuc;Preventiva;Eletricista;10:24;4807,29;Correia;10;Falha elétrica;Concluída;TEC003;Ana Costa;Eletricista
19;2025-12-01 00:00:00;OS-1019;Prensa Hidráulica;Usin.;Bosch;Corretiva;Mecânico;16:06;1252,64;Válvula;9;Falha elétrica;Em andamento;TEC010;Gustavo Fernandes;Mecânico
20;2025-06-04 00:00:00;OS-1020;Torno CNC;Usin.;Fanuc;Preventiva;Mecânico;01:00;7618,99;Bomba;9;Falha elétrica;Aberta;TEC008;Bruno Martins;Eletricista
21;2025-06-05 00:00:00;OS-1021;Torno CNC;Montagem ;Siemens;Preventiva;Mecânico;04:18;8166,03;Correia;1;Falha elétrica;Concluída;TEC006;Marcos Rocha;Automaçăo
22;2025-01-02 00:00:00;OS-1022;Torno CNC;Montagem ;WEG;Preditiva;Mecânico;18:24;14558,85;CLP;3;Lubrificaçăo;Em andamento;TEC010;Gustavo Fernandes;Mecânico
23;2025-05-03 00:00:00;OS-1023;Torno CNC;Montagem ;Fanuc;Preventiva;Mecânico;02:30;12373,78;Sensor;7;Desgaste;Em andamento;TEC002;Joăo Santos;Mecânico
24;2025-05-12 00:00:00;OS-1024;Prensa Hidráulica;Montagem ;Siemens;Corretiva;Automaçăo;01:54;7059,37;Motor;4;Falha mecânica;Aberta;TEC005;Lucas Pereira;Automaçăo
25;2025-06-18 00:00:00;OS-1025;Prensa Hidráulica;Usin.;Schneider;Corretiva;Automaçăo;13:06;4251,51;CLP;8;Falha mecânica;Concluída;TEC001;Carlos Silva;Mecânico
26;2025-06-03 00:00:00;OS-1026;Torno CNC;Usin.;Schneider;Corretiva;Eletricista;16:48;10425,5;Filtro;3;Desgaste;Aberta;TEC007;Rafael Lima;Mecânico
27;2025-03-15 00:00:00;OS-1027;Torno CNC;Usin.;WEG;Preventiva;Automaçăo;08:42;13434,61;Bomba;10;Falha mecânica;Aberta;TEC008;Bruno Martins;Eletricista
28;2025-06-24 00:00:00;OS-1028;Torno CNC;Usin.;Fanuc;Corretiva;Automaçăo;05:54;5395,57;Bomba;5;Falha mecânica;Concluída;TEC005;Lucas Pereira;Automaçăo
29;2025-02-18 00:00:00;OS-1029;Torno CNC;Usin.;Bosch;Corretiva;Eletricista;23:06;4436,93;CLP;3;Falha mecânica;Em andamento;TEC012;Camila Ferreira;Automaçăo
30;2025-06-13 00:00:00;OS-1030;Prensa Hidráulica;Usin.;Bosch;Preditiva;Mecânico;13:54;6884,45;Bomba;7;Falha mecânica;Concluída;TEC010;Gustavo Fernandes;Mecânico
31;2025-05-06 00:00:00;OS-1031;Fresadora CNC;Usin.;Bosch;Preventiva;Eletricista;13:48;2938,37;Válvula;3;Desgaste;Concluída;TEC003;Ana Costa;Eletricista
32;2025-06-16 00:00:00;OS-1032;Compressor;Usin.;Bosch;Preditiva;Mecânico;23:24;3515,95;Rolamento;1;Erro operador;Em andamento;TEC007;Rafael Lima;Mecânico
33;2025-03-15 00:00:00;OS-1033;Esteira;Usin.;Bosch;Preventiva;Eletricista;13:42;3257,71;Motor;4;Lubrificaçăo;Concluída;TEC009;Juliana Ribeiro;Automaçăo
34;2025-10-06 00:00:00;OS-1034;Soldadora Robotizada;Montagem ;Siemens;Preventiva;Eletricista;04:30;10930,88;Sensor;2;Falha elétrica;Concluída;TEC006;Marcos Rocha;Automaçăo
35;2025-10-04 00:00:00;OS-1035;Fresadora CNC;Usin.;Siemens;Preventiva;Eletricista;02:24;1862,86;Sensor;5;Erro operador;Aberta;TEC006;Marcos Rocha;Automaçăo
36;2025-04-13 00:00:00;OS-1036;Dobradeira;Montagem ;Fanuc;Corretiva;Eletricista;18:54;7666,07;Sensor;8;Falha elétrica;Aberta;TEC010;Gustavo Fernandes;Mecânico
37;2025-10-04 00:00:00;OS-1037;Prensa Hidráulica;Usin.;WEG;Preditiva;Eletricista;14:30;9821,61;Válvula;6;Erro operador;Aberta;TEC004;Fernanda Alves;Eletricista
38;2025-06-26 00:00:00;OS-1038;Prensa Hidráulica;Montagem ;Siemens;Preventiva;Mecânico;21:48;4009,59;Motor;8;Lubrificaçăo;Aberta;TEC006;Marcos Rocha;Automaçăo
39;2025-06-29 00:00:00;OS-1039;Prensa Hidráulica;Montagem ;WEG;Preventiva;Automaçăo;07:06;3608,4;Válvula;6;Desgaste;Concluída;TEC009;Juliana Ribeiro;Automaçăo
40;2025-04-23 00:00:00;OS-1040;Dobradeira;Montagem ;Schneider;Corretiva;Eletricista;14:42;5611,45;CLP;10;Erro operador;Concluída;TEC004;Fernanda Alves;Eletricista
41;2025-05-22 00:00:00;OS-1041;Fresadora CNC;Montagem ;WEG;Preventiva;Automaçăo;20:30;14413,02;Correia;10;Lubrificaçăo;Em andamento;TEC002;Joăo Santos;Mecânico
42;2025-07-04 00:00:00;OS-1042;Fresadora CNC;Montagem ;Fanuc;Preventiva;Eletricista;12:36;10335,53;CLP;7;Falha mecânica;Em andamento;TEC010;Gustavo Fernandes;Mecânico
43;2025-04-26 00:00:00;OS-1043;Centro de Usinagem;Usin.;Bosch;Preventiva;Mecânico;04:00;5241,2;Rolamento;5;Erro operador;Concluída;TEC009;Juliana Ribeiro;Automaçăo
44;2025-05-28 00:00:00;OS-1044;Centro de Usinagem;Usin.;Fanuc;Preditiva;Eletricista;01:24;6596,87;Válvula;1;Desgaste;Concluída;TEC006;Marcos Rocha;Automaçăo
45;2025-08-06 00:00:00;OS-1045;Dobradeira;Usin.;Fanuc;Corretiva;Mecânico;08:18;2340,63;Válvula;4;Erro operador;Em andamento;TEC002;Joăo Santos;Mecânico
46;2025-01-06 00:00:00;OS-1046;Torno CNC;Usin.;Schneider;Preventiva;Eletricista;15:36;3512,06;Motor;1;Erro operador;Em andamento;TEC008;Bruno Martins;Eletricista
47;2025-05-03 00:00:00;OS-1047;Dobradeira;Usin.;Fanuc;Corretiva;Mecânico;05:54;1477,34;Válvula;10;Desgaste;Aberta;TEC006;Marcos Rocha;Automaçăo
48;2025-01-05 00:00:00;OS-1048;Compressor;Usin.;Fanuc;Preditiva;Eletricista;03:06;4400,13;CLP;9;Erro operador;Em andamento;TEC009;Juliana Ribeiro;Automaçăo
49;2025-04-04 00:00:00;OS-1049;Injetora;Usin.;Bosch;Preditiva;Mecânico;12:00;5552,44;Sensor;6;Falha elétrica;Concluída;TEC003;Ana Costa;Eletricista
50;2025-04-19 00:00:00;OS-1050;Soldadora Robotizada;Usin.;Fanuc;Preventiva;Automaçăo;11:42;9990,53;Rolamento;1;Lubrificaçăo;Concluída;TEC003;Ana Costa;Eletricista
51;2025-05-03 00:00:00;OS-1051;Dobradeira;Montagem ;Bosch;Corretiva;Automaçăo;07:06;4460,38;CLP;7;Erro operador;Aberta;TEC009;Juliana Ribeiro;Automaçăo
52;2025-03-26 00:00:00;OS-1052;Compressor;Montagem ;Fanuc;Preventiva;Mecânico;07:06;9998,8;Filtro;9;Falha elétrica;Em andamento;TEC010;Gustavo Fernandes;Mecânico
53;2025-06-05 00:00:00;OS-1053;Centro de Usinagem;Usin.;Schneider;Corretiva;Mecânico;07:06;7357,88;Rolamento;4;Falha elétrica;Aberta;TEC010;Gustavo Fernandes;Mecânico
54;2025-03-01 00:00:00;OS-1054;Dobradeira;Usin.;Fanuc;Preventiva;Eletricista;10:42;4833,4;Bomba;3;Erro operador;Em andamento;TEC009;Juliana Ribeiro;Automaçăo
55;2025-03-02 00:00:00;OS-1055;Injetora;Montagem ;Siemens;Preditiva;Eletricista;04:12;4641,3;Rolamento;9;Falha mecânica;Em andamento;TEC010;Gustavo Fernandes;Mecânico
56;2025-04-29 00:00:00;OS-1056;Dobradeira;Usin.;WEG;Preditiva;Mecânico;08:48;12128,2;Rolamento;9;Falha mecânica;Em andamento;TEC006;Marcos Rocha;Automaçăo
57;2025-04-06 00:00:00;OS-1057;Prensa Hidráulica;Montagem ;Siemens;Preditiva;Mecânico;14:18;7686,74;Válvula;4;Lubrificaçăo;Aberta;TEC009;Juliana Ribeiro;Automaçăo
58;2025-04-27 00:00:00;OS-1058;Soldadora Robotizada;Montagem ;WEG;Preventiva;Automaçăo;04:06;5627,44;Rolamento;8;Desgaste;Aberta;TEC008;Bruno Martins;Eletricista
59;2025-02-25 00:00:00;OS-1059;Corte Laser;Usin.;Siemens;Corretiva;Eletricista;12:54;6892,21;Filtro;10;Lubrificaçăo;Em andamento;TEC011;Patricia Souza;Eletricista
60;2025-04-05 00:00:00;OS-1060;Prensa Hidráulica;Usin.;Fanuc;Corretiva;Mecânico;08:42;10438,56;Filtro;5;Desgaste;Aberta;TEC010;Gustavo Fernandes;Mecânico
61;2025-08-05 00:00:00;OS-1061;Compressor;Usin.;Bosch;Preditiva;Mecânico;16:24;2161,33;Válvula;8;Lubrificaçăo;Concluída;TEC007;Rafael Lima;Mecânico
62;2025-04-18 00:00:00;OS-1062;Compressor;Usin.;WEG;Corretiva;Eletricista;13:30;5538,52;CLP;1;Lubrificaçăo;Concluída;TEC012;Camila Ferreira;Automaçăo
63;2025-06-25 00:00:00;OS-1063;Esteira;Montagem ;Siemens;Preventiva;Eletricista;01:18;13878,93;Correia;9;Desgaste;Em andamento;TEC012;Camila Ferreira;Automaçăo
64;2025-01-05 00:00:00;OS-1064;Esteira;Montagem ;Fanuc;Preditiva;Eletricista;02:06;9197,75;CLP;8;Falha elétrica;Em andamento;TEC006;Marcos Rocha;Automaçăo
65;2025-11-02 00:00:00;OS-1065;Compressor;Montagem ;Bosch;Preditiva;Automaçăo;07:48;12667,05;Rolamento;10;Desgaste;Aberta;TEC010;Gustavo Fernandes;Mecânico
66;2025-03-04 00:00:00;OS-1066;Injetora;Usin.;Bosch;Preditiva;Mecânico;09:12;5960,37;Correia;7;Desgaste;Aberta;TEC004;Fernanda Alves;Eletricista
67;2025-02-24 00:00:00;OS-1067;Fresadora CNC;Montagem ;Fanuc;Preventiva;Mecânico;08:54;13552,96;Filtro;5;Erro operador;Aberta;TEC008;Bruno Martins;Eletricista
68;2025-01-06 00:00:00;OS-1068;Prensa Hidráulica;Usin.;Siemens;Preditiva;Mecânico;21:00;14649,26;Sensor;2;Falha elétrica;Aberta;TEC002;Joăo Santos;Mecânico
69;2025-04-09 00:00:00;OS-1069;Dobradeira;Montagem ;Siemens;Corretiva;Automaçăo;07:42;8322,14;CLP;2;Lubrificaçăo;Aberta;TEC004;Fernanda Alves;Eletricista
70;2025-06-14 00:00:00;OS-1070;Fresadora CNC;Usin.;Siemens;Preventiva;Automaçăo;07:00;363,73;Bomba;7;Lubrificaçăo;Concluída;TEC007;Rafael Lima;Mecânico
71;2025-05-15 00:00:00;OS-1071;Injetora;Usin.;WEG;Preditiva;Automaçăo;02:48;3379,95;Motor;10;Falha elétrica;Aberta;TEC010;Gustavo Fernandes;Mecânico
72;2025-03-04 00:00:00;OS-1072;Fresadora CNC;Montagem ;Siemens;Preventiva;Eletricista;13:48;3344,42;CLP;9;Falha mecânica;Em andamento;TEC007;Rafael Lima;Mecânico
73;2025-06-19 00:00:00;OS-1073;Centro de Usinagem;Usin.;Schneider;Corretiva;Automaçăo;08:06;3216,2;Rolamento;2;Erro operador;Concluída;TEC004;Fernanda Alves;Eletricista
74;2025-01-11 00:00:00;OS-1074;Esteira;Montagem ;Siemens;Corretiva;Eletricista;04:06;6573,37;Sensor;4;Erro operador;Aberta;TEC010;Gustavo Fernandes;Mecânico
75;2025-11-05 00:00:00;OS-1075;Fresadora CNC;Montagem ;Siemens;Preventiva;Mecânico;02:24;14966,45;Sensor;7;Erro operador;Aberta;TEC010;Gustavo Fernandes;Mecânico
76;2025-02-21 00:00:00;OS-1076;Compressor;Usin.;Siemens;Preditiva;Eletricista;02:18;10690,74;Motor;7;Lubrificaçăo;Aberta;TEC010;Gustavo Fernandes;Mecânico
77;2025-05-02 00:00:00;OS-1077;Compressor;Montagem ;Siemens;Preventiva;Automaçăo;13:30;10098,78;Válvula;10;Lubrificaçăo;Concluída;TEC010;Gustavo Fernandes;Mecânico
78;2025-02-25 00:00:00;OS-1078;Fresadora CNC;Usin.;Fanuc;Preventiva;Automaçăo;22:54;14046,77;Motor;10;Desgaste;Aberta;TEC006;Marcos Rocha;Automaçăo
79;2025-03-16 00:00:00;OS-1079;Centro de Usinagem;Montagem ;Schneider;Preditiva;Mecânico;05:00;7741,66;Filtro;2;Falha mecânica;Em andamento;TEC010;Gustavo Fernandes;Mecânico
80;2025-03-18 00:00:00;OS-1080;Dobradeira;Usin.;Fanuc;Preventiva;Eletricista;18:54;2710,67;Motor;10;Falha mecânica;Aberta;TEC011;Patricia Souza;Eletricista
81;2025-03-17 00:00:00;OS-1081;Injetora;Usin.;Siemens;Preventiva;Automaçăo;08:30;7113,66;Correia;9;Falha elétrica;Concluída;TEC007;Rafael Lima;Mecânico
82;2025-06-24 00:00:00;OS-1082;Corte Laser;Usin.;Schneider;Corretiva;Automaçăo;08:36;4042,06;Filtro;5;Erro operador;Aberta;TEC011;Patricia Souza;Eletricista
83;2025-03-03 00:00:00;OS-1083;Compressor;Montagem ;Fanuc;Preventiva;Mecânico;12:54;524,08;Motor;10;Erro operador;Aberta;TEC003;Ana Costa;Eletricista
84;2025-04-21 00:00:00;OS-1084;Prensa Hidráulica;Usin.;Fanuc;Preditiva;Mecânico;08:00;2272,14;Filtro;10;Falha mecânica;Concluída;TEC003;Ana Costa;Eletricista
85;2025-12-06 00:00:00;OS-1085;Dobradeira;Montagem ;Bosch;Corretiva;Automaçăo;17:12;8225,53;Motor;8;Desgaste;Em andamento;TEC007;Rafael Lima;Mecânico
86;2025-05-06 00:00:00;OS-1086;Injetora;Usin.;Siemens;Corretiva;Eletricista;09:18;12182,36;Correia;4;Lubrificaçăo;Concluída;TEC003;Ana Costa;Eletricista
87;2025-03-16 00:00:00;OS-1087;Soldadora Robotizada;Usin.;Siemens;Preditiva;Mecânico;12:18;234,81;CLP;4;Falha elétrica;Concluída;TEC006;Marcos Rocha;Automaçăo
88;2025-04-24 00:00:00;OS-1088;Dobradeira;Montagem ;Fanuc;Corretiva;Mecânico;19:12;14914,99;Motor;5;Erro operador;Em andamento;TEC008;Bruno Martins;Eletricista
89;2025-06-23 00:00:00;OS-1089;Dobradeira;Usin.;Siemens;Preventiva;Mecânico;22:00;8169,81;Motor;10;Falha elétrica;Concluída;TEC007;Rafael Lima;Mecânico
90;2025-03-30 00:00:00;OS-1090;Centro de Usinagem;Usin.;Fanuc;Preditiva;Mecânico;13:24;14613,71;CLP;2;Lubrificaçăo;Concluída;TEC011;Patricia Souza;Eletricista
91;2025-02-01 00:00:00;OS-1091;Compressor;Usin.;Schneider;Preditiva;Eletricista;22:18;13822,9;Rolamento;5;Erro operador;Em andamento;TEC002;Joăo Santos;Mecânico
92;2025-01-21 00:00:00;OS-1092;Prensa Hidráulica;Usin.;Schneider;Preditiva;Mecânico;06:54;10070,9;Válvula;1;Lubrificaçăo;Aberta;TEC003;Ana Costa;Eletricista
93;2025-02-01 00:00:00;OS-1093;Esteira;Usin.;WEG;Preditiva;Mecânico;16:36;6858,46;Sensor;1;Falha elétrica;Aberta;TEC009;Juliana Ribeiro;Automaçăo
94;2025-04-26 00:00:00;OS-1094;Injetora;Montagem ;Schneider;Corretiva;Eletricista;12:54;7405,5;Correia;8;Falha elétrica;Aberta;TEC012;Camila Ferreira;Automaçăo
95;2025-03-01 00:00:00;OS-1095;Soldadora Robotizada;Usin.;WEG;Corretiva;Automaçăo;00:36;7496,55;Motor;3;Falha elétrica;Aberta;TEC009;Juliana Ribeiro;Automaçăo
96;2025-01-22 00:00:00;OS-1096;Injetora;Usin.;WEG;Corretiva;Mecânico;04:48;4133,76;Rolamento;8;Falha mecânica;Concluída;TEC003;Ana Costa;Eletricista
97;2025-05-05 00:00:00;OS-1097;Torno CNC;Usin.;Bosch;Corretiva;Eletricista;05:06;13831,35;Sensor;9;Falha elétrica;Aberta;TEC002;Joăo Santos;Mecânico
98;2025-06-02 00:00:00;OS-1098;Fresadora CNC;Montagem ;Fanuc;Preditiva;Eletricista;07:54;12367,88;Bomba;3;Falha mecânica;Concluída;TEC002;Joăo Santos;Mecânico
99;2025-04-07 00:00:00;OS-1099;Centro de Usinagem;Montagem ;WEG;Preditiva;Mecânico;01:36;14594,16;Sensor;2;Falha elétrica;Aberta;TEC012;Camila Ferreira;Automaçăo
100;2025-12-03 00:00:00;OS-1100;Torno CNC;Usin.;WEG;Corretiva;Mecânico;06:24;10173,31;Motor;6;Desgaste;Aberta;TEC001;Carlos Silva;Mecânico
101;2025-03-05 00:00:00;OS-1101;Fresadora CNC;Usin.;Siemens;Corretiva;Mecânico;16:30;3246,49;Bomba;5;Erro operador;Aberta;TEC008;Bruno Martins;Eletricista
102;2025-02-16 00:00:00;OS-1102;Centro de Usinagem;Usin.;Schneider;Corretiva;Eletricista;06:30;10103,94;Válvula;2;Desgaste;Concluída;TEC006;Marcos Rocha;Automaçăo
103;2025-04-28 00:00:00;OS-1103;Soldadora Robotizada;Usin.;Bosch;Preditiva;Eletricista;22:12;9070,6;Motor;6;Falha elétrica;Aberta;TEC005;Lucas Pereira;Automaçăo
104;2025-02-23 00:00:00;OS-1104;Soldadora Robotizada;Montagem ;Bosch;Preventiva;Mecânico;15:36;7406,03;Sensor;7;Falha mecânica;Em andamento;TEC003;Ana Costa;Eletricista
105;2025-02-14 00:00:00;OS-1105;Esteira;Montagem ;Siemens;Preditiva;Eletricista;17:24;8561,79;Correia;9;Falha mecânica;Em andamento;TEC005;Lucas Pereira;Automaçăo
106;2025-10-01 00:00:00;OS-1106;Soldadora Robotizada;Usin.;Fanuc;Preventiva;Automaçăo;21:24;8547,55;Sensor;2;Falha elétrica;Aberta;TEC010;Gustavo Fernandes;Mecânico
107;2025-04-25 00:00:00;OS-1107;Esteira;Usin.;Fanuc;Preditiva;Eletricista;12:48;10733,5;Rolamento;7;Lubrificaçăo;Em andamento;TEC003;Ana Costa;Eletricista
108;2025-03-13 00:00:00;OS-1108;Prensa Hidráulica;Montagem ;Schneider;Preditiva;Mecânico;19:12;11220,27;Correia;2;Falha mecânica;Concluída;TEC001;Carlos Silva;Mecânico
109;2025-05-31 00:00:00;OS-1109;Injetora;Usin.;Fanuc;Preventiva;Automaçăo;13:24;4176,01;Rolamento;10;Falha mecânica;Em andamento;TEC008;Bruno Martins;Eletricista
110;2025-02-19 00:00:00;OS-1110;Centro de Usinagem;Usin.;Siemens;Corretiva;Automaçăo;15:30;10826,72;Bomba;9;Falha elétrica;Concluída;TEC009;Juliana Ribeiro;Automaçăo
111;2025-03-05 00:00:00;OS-1111;Torno CNC;Usin.;Fanuc;Preventiva;Automaçăo;01:42;6318,65;Sensor;4;Desgaste;Em andamento;TEC012;Camila Ferreira;Automaçăo
112;2025-01-08 00:00:00;OS-1112;Compressor;Montagem ;Bosch;Corretiva;Mecânico;19:54;2757,36;Válvula;7;Lubrificaçăo;Concluída;TEC012;Camila Ferreira;Automaçăo
113;2025-01-15 00:00:00;OS-1113;Fresadora CNC;Usin.;Siemens;Preditiva;Mecânico;22:54;1225,55;Rolamento;9;Falha elétrica;Aberta;TEC010;Gustavo Fernandes;Mecânico
114;2025-09-06 00:00:00;OS-1114;Centro de Usinagem;Montagem ;Schneider;Corretiva;Eletricista;04:24;5879,02;Correia;9;Falha elétrica;Em andamento;TEC009;Juliana Ribeiro;Automaçăo
115;2025-02-22 00:00:00;OS-1115;Prensa Hidráulica;Usin.;Fanuc;Preventiva;Eletricista;01:18;7704,55;Correia;7;Erro operador;Em andamento;TEC007;Rafael Lima;Mecânico
116;2025-05-13 00:00:00;OS-1116;Corte Laser;Usin.;Schneider;Preventiva;Mecânico;14:00;13406,8;Rolamento;7;Erro operador;Em andamento;TEC010;Gustavo Fernandes;Mecânico
117;2025-06-01 00:00:00;OS-1117;Corte Laser;Montagem ;Bosch;Preditiva;Eletricista;02:54;3150,07;Rolamento;9;Desgaste;Aberta;TEC006;Marcos Rocha;Automaçăo
118;2025-06-13 00:00:00;OS-1118;Torno CNC;Usin.;Bosch;Preditiva;Automaçăo;13:12;9985,99;Válvula;2;Falha mecânica;Concluída;TEC011;Patricia Souza;Eletricista
119;2025-05-06 00:00:00;OS-1119;Compressor;Usin.;WEG;Preventiva;Eletricista;00:42;9925,52;Sensor;6;Desgaste;Concluída;TEC012;Camila Ferreira;Automaçăo
120;2025-10-03 00:00:00;OS-1120;Corte Laser;Usin.;Siemens;Corretiva;Mecânico;18:36;3191,53;Rolamento;7;Erro operador;Em andamento;TEC004;Fernanda Alves;Eletricista
121;2025-04-05 00:00:00;OS-1121;Esteira;Montagem ;Fanuc;Preditiva;Mecânico;10:00;10270,8;Válvula;2;Erro operador;Concluída;TEC003;Ana Costa;Eletricista
122;2025-05-20 00:00:00;OS-1122;Soldadora Robotizada;Montagem ;Fanuc;Corretiva;Mecânico;13:36;7096,43;CLP;6;Desgaste;Em andamento;TEC004;Fernanda Alves;Eletricista
123;2025-03-15 00:00:00;OS-1123;Dobradeira;Usin.;Bosch;Corretiva;Mecânico;13:30;7656,92;Correia;3;Lubrificaçăo;Aberta;TEC011;Patricia Souza;Eletricista
124;2025-02-15 00:00:00;OS-1124;Soldadora Robotizada;Montagem ;Bosch;Preditiva;Automaçăo;03:06;14874,28;Rolamento;8;Lubrificaçăo;Em andamento;TEC009;Juliana Ribeiro;Automaçăo
125;2025-05-13 00:00:00;OS-1125;Compressor;Usin.;Fanuc;Preventiva;Eletricista;15:36;4389,06;Sensor;10;Erro operador;Aberta;TEC003;Ana Costa;Eletricista
126;2025-01-02 00:00:00;OS-1126;Dobradeira;Montagem ;Fanuc;Preventiva;Automaçăo;02:24;9011,87;Motor;7;Falha elétrica;Concluída;TEC005;Lucas Pereira;Automaçăo
127;2025-08-03 00:00:00;OS-1127;Injetora;Montagem ;Siemens;Preventiva;Eletricista;10:00;4102,6;Sensor;8;Falha mecânica;Em andamento;TEC001;Carlos Silva;Mecânico
128;2025-04-22 00:00:00;OS-1128;Injetora;Usin.;Bosch;Preventiva;Mecânico;11:54;11818,13;Filtro;8;Desgaste;Em andamento;TEC002;Joăo Santos;Mecânico
129;2025-03-15 00:00:00;OS-1129;Centro de Usinagem;Usin.;Fanuc;Corretiva;Mecânico;06:12;8508,79;CLP;9;Lubrificaçăo;Em andamento;TEC001;Carlos Silva;Mecânico
130;2025-03-31 00:00:00;OS-1130;Fresadora CNC;Usin.;WEG;Preventiva;Automaçăo;19:12;11340,58;Válvula;2;Desgaste;Aberta;TEC007;Rafael Lima;Mecânico
131;2025-03-25 00:00:00;OS-1131;Injetora;Usin.;Bosch;Corretiva;Mecânico;16:12;11152,62;Bomba;9;Falha elétrica;Em andamento;TEC007;Rafael Lima;Mecânico
132;2025-04-24 00:00:00;OS-1132;Dobradeira;Usin.;Fanuc;Preditiva;Eletricista;13:06;14087,06;Válvula;7;Erro operador;Aberta;TEC006;Marcos Rocha;Automaçăo
133;2025-03-01 00:00:00;OS-1133;Dobradeira;Usin.;Schneider;Preventiva;Automaçăo;03:18;11168,06;Válvula;3;Desgaste;Concluída;TEC009;Juliana Ribeiro;Automaçăo
134;2025-03-13 00:00:00;OS-1134;Compressor;Montagem ;Fanuc;Preventiva;Eletricista;07:06;14894,27;Rolamento;9;Desgaste;Concluída;TEC009;Juliana Ribeiro;Automaçăo
135;2025-01-18 00:00:00;OS-1135;Dobradeira;Montagem ;Schneider;Preventiva;Automaçăo;02:12;1105,66;Motor;1;Erro operador;Em andamento;TEC003;Ana Costa;Eletricista
136;2025-09-01 00:00:00;OS-1136;Prensa Hidráulica;Montagem ;WEG;Preventiva;Automaçăo;09:42;7942,24;Válvula;4;Falha mecânica;Em andamento;TEC008;Bruno Martins;Eletricista
137;2025-04-20 00:00:00;OS-1137;Corte Laser;Usin.;Siemens;Preditiva;Eletricista;11:36;11857,93;Correia;1;Lubrificaçăo;Concluída;TEC006;Marcos Rocha;Automaçăo
138;2025-05-22 00:00:00;OS-1138;Fresadora CNC;Montagem ;Siemens;Preventiva;Eletricista;01:24;11962,77;Rolamento;4;Falha mecânica;Concluída;TEC012;Camila Ferreira;Automaçăo
139;2025-04-10 00:00:00;OS-1139;Fresadora CNC;Montagem ;Schneider;Preventiva;Eletricista;20:48;14880,38;Filtro;6;Desgaste;Aberta;TEC003;Ana Costa;Eletricista
140;2025-02-22 00:00:00;OS-1140;Fresadora CNC;Usin.;Bosch;Preditiva;Eletricista;05:48;2157,41;Sensor;10;Erro operador;Aberta;TEC005;Lucas Pereira;Automaçăo
141;2025-03-09 00:00:00;OS-1141;Compressor;Montagem ;Siemens;Preditiva;Automaçăo;09:18;1658,91;Bomba;8;Falha elétrica;Aberta;TEC008;Bruno Martins;Eletricista
142;2025-01-19 00:00:00;OS-1142;Prensa Hidráulica;Usin.;Schneider;Preditiva;Automaçăo;20:06;12392,43;Filtro;8;Erro operador;Aberta;TEC007;Rafael Lima;Mecânico
143;2025-06-12 00:00:00;OS-1143;Fresadora CNC;Usin.;Fanuc;Preventiva;Mecânico;20:30;2541,89;Filtro;8;Desgaste;Em andamento;TEC005;Lucas Pereira;Automaçăo
144;2025-01-29 00:00:00;OS-1144;Centro de Usinagem;Usin.;Siemens;Preditiva;Mecânico;03:42;13891,43;Válvula;7;Falha mecânica;Concluída;TEC005;Lucas Pereira;Automaçăo
145;2025-04-20 00:00:00;OS-1145;Fresadora CNC;Montagem ;Siemens;Preventiva;Mecânico;16:36;173,38;Filtro;6;Falha mecânica;Em andamento;TEC010;Gustavo Fernandes;Mecânico
146;2025-06-17 00:00:00;OS-1146;Corte Laser;Usin.;Bosch;Preventiva;Eletricista;20:48;8044,73;Rolamento;4;Lubrificaçăo;Em andamento;TEC008;Bruno Martins;Eletricista
147;2025-03-19 00:00:00;OS-1147;Compressor;Montagem ;WEG;Corretiva;Mecânico;07:06;7239,08;Motor;3;Desgaste;Aberta;TEC001;Carlos Silva;Mecânico
148;2025-06-29 00:00:00;OS-1148;Centro de Usinagem;Montagem ;Fanuc;Preditiva;Mecânico;10:36;13172,02;Sensor;3;Falha elétrica;Aberta;TEC001;Carlos Silva;Mecânico
149;2025-06-28 00:00:00;OS-1149;Torno CNC;Montagem ;Fanuc;Corretiva;Mecânico;00:48;14980,45;Motor;4;Erro operador;Em andamento;TEC009;Juliana Ribeiro;Automaçăo
150;2025-02-13 00:00:00;OS-1150;Injetora;Usin.;Siemens;Preditiva;Eletricista;10:54;2353,2;Motor;1;Falha elétrica;Aberta;TEC001;Carlos Silva;Mecânico
151;2025-01-04 00:00:00;OS-1151;Prensa Hidráulica;Montagem ;Fanuc;Corretiva;Mecânico;13:54;1452,29;Motor;8;Desgaste;Aberta;TEC012;Camila Ferreira;Automaçăo
152;2025-04-22 00:00:00;OS-1152;Prensa Hidráulica;Montagem ;WEG;Preditiva;Eletricista;04:06;6458,13;Bomba;8;Desgaste;Concluída;TEC010;Gustavo Fernandes;Mecânico
153;2025-06-03 00:00:00;OS-1153;Dobradeira;Montagem ;Schneider;Corretiva;Eletricista;19:18;9034,55;CLP;4;Erro operador;Aberta;TEC008;Bruno Martins;Eletricista
154;2025-03-04 00:00:00;OS-1154;Corte Laser;Usin.;WEG;Preventiva;Automaçăo;03:30;11993,44;Bomba;10;Desgaste;Concluída;TEC008;Bruno Martins;Eletricista
155;2025-01-21 00:00:00;OS-1155;Corte Laser;Usin.;Fanuc;Preditiva;Mecânico;02:12;11955,99;CLP;9;Falha mecânica;Concluída;TEC007;Rafael Lima;Mecânico
156;2025-03-25 00:00:00;OS-1156;Torno CNC;Montagem ;WEG;Preditiva;Eletricista;15:48;13669,29;Correia;5;Desgaste;Em andamento;TEC012;Camila Ferreira;Automaçăo
157;2025-03-05 00:00:00;OS-1157;Corte Laser;Montagem ;Schneider;Corretiva;Automaçăo;11:00;14676,74;Bomba;7;Lubrificaçăo;Em andamento;TEC012;Camila Ferreira;Automaçăo
158;2025-09-03 00:00:00;OS-1158;Injetora;Usin.;Siemens;Preventiva;Mecânico;10:54;5064,22;CLP;5;Lubrificaçăo;Aberta;TEC011;Patricia Souza;Eletricista
159;2025-04-05 00:00:00;OS-1159;Prensa Hidráulica;Usin.;WEG;Corretiva;Eletricista;17:12;1238,04;Sensor;3;Falha mecânica;Aberta;TEC009;Juliana Ribeiro;Automaçăo
160;2025-03-29 00:00:00;OS-1160;Esteira;Usin.;Fanuc;Preditiva;Automaçăo;02:06;13459,02;Bomba;6;Falha elétrica;Aberta;TEC003;Ana Costa;Eletricista
161;2025-07-02 00:00:00;OS-1161;Centro de Usinagem;Usin.;Schneider;Preventiva;Eletricista;11:30;5012,82;Rolamento;3;Erro operador;Aberta;TEC002;Joăo Santos;Mecânico
162;2025-02-14 00:00:00;OS-1162;Prensa Hidráulica;Montagem ;Fanuc;Corretiva;Eletricista;14:06;4197,29;Filtro;8;Falha elétrica;Concluída;TEC004;Fernanda Alves;Eletricista
163;2025-02-28 00:00:00;OS-1163;Esteira;Montagem ;Bosch;Preventiva;Mecânico;04:12;3639,91;Rolamento;1;Erro operador;Concluída;TEC011;Patricia Souza;Eletricista
164;2025-05-15 00:00:00;OS-1164;Injetora;Usin.;WEG;Preventiva;Automaçăo;08:06;2276,15;Válvula;4;Falha elétrica;Concluída;TEC003;Ana Costa;Eletricista
165;2025-05-13 00:00:00;OS-1165;Esteira;Montagem ;Schneider;Corretiva;Mecânico;15:54;5273,63;Correia;1;Lubrificaçăo;Aberta;TEC011;Patricia Souza;Eletricista
166;2025-02-22 00:00:00;OS-1166;Corte Laser;Montagem ;Bosch;Corretiva;Eletricista;10:00;4930,64;Rolamento;7;Desgaste;Em andamento;TEC003;Ana Costa;Eletricista
167;2025-06-22 00:00:00;OS-1167;Dobradeira;Montagem ;Schneider;Corretiva;Eletricista;21:00;3400,34;Rolamento;9;Desgaste;Em andamento;TEC008;Bruno Martins;Eletricista
168;2025-05-03 00:00:00;OS-1168;Esteira;Montagem ;Fanuc;Preventiva;Automaçăo;13:30;10823,56;Motor;7;Desgaste;Aberta;TEC012;Camila Ferreira;Automaçăo
169;2025-01-02 00:00:00;OS-1169;Prensa Hidráulica;Montagem ;WEG;Corretiva;Automaçăo;08:18;2525,99;Válvula;2;Erro operador;Aberta;TEC007;Rafael Lima;Mecânico
170;2025-04-14 00:00:00;OS-1170;Injetora;Montagem ;WEG;Preventiva;Mecânico;23:06;2052,89;Sensor;10;Falha mecânica;Aberta;TEC007;Rafael Lima;Mecânico
171;2025-07-03 00:00:00;OS-1171;Soldadora Robotizada;Montagem ;WEG;Corretiva;Eletricista;07:54;3537,36;Bomba;5;Erro operador;Em andamento;TEC012;Camila Ferreira;Automaçăo
172;2025-02-13 00:00:00;OS-1172;Centro de Usinagem;Montagem ;Schneider;Preventiva;Automaçăo;01:00;9534,5;Bomba;5;Falha mecânica;Em andamento;TEC004;Fernanda Alves;Eletricista
173;2025-04-14 00:00:00;OS-1173;Fresadora CNC;Usin.;Bosch;Corretiva;Eletricista;13:30;824,42;Sensor;3;Erro operador;Aberta;TEC007;Rafael Lima;Mecânico
174;2025-04-26 00:00:00;OS-1174;Injetora;Montagem ;Siemens;Preditiva;Eletricista;01:30;1985,67;Motor;2;Erro operador;Aberta;TEC005;Lucas Pereira;Automaçăo
175;2025-03-04 00:00:00;OS-1175;Injetora;Montagem ;Schneider;Preditiva;Mecânico;02:48;3787,58;CLP;3;Erro operador;Concluída;TEC006;Marcos Rocha;Automaçăo
176;2025-09-02 00:00:00;OS-1176;Centro de Usinagem;Usin.;Fanuc;Corretiva;Automaçăo;21:30;7599,04;Correia;7;Falha elétrica;Concluída;TEC006;Marcos Rocha;Automaçăo
177;2025-04-23 00:00:00;OS-1177;Compressor;Montagem ;Schneider;Preditiva;Mecânico;16:06;7260,95;Filtro;7;Desgaste;Aberta;TEC009;Juliana Ribeiro;Automaçăo
178;2025-01-02 00:00:00;OS-1178;Torno CNC;Montagem ;WEG;Preditiva;Automaçăo;11:12;8761,59;Filtro;10;Falha mecânica;Em andamento;TEC006;Marcos Rocha;Automaçăo
179;2025-01-12 00:00:00;OS-1179;Esteira;Montagem ;Siemens;Preditiva;Eletricista;12:24;5789,62;Válvula;8;Erro operador;Em andamento;TEC012;Camila Ferreira;Automaçăo
180;2025-05-15 00:00:00;OS-1180;Soldadora Robotizada;Montagem ;Schneider;Preventiva;Eletricista;16:48;12927,3;CLP;2;Falha elétrica;Concluída;TEC007;Rafael Lima;Mecânico
181;2025-04-15 00:00:00;OS-1181;Compressor;Usin.;Schneider;Preventiva;Eletricista;09:30;4787,71;Correia;9;Desgaste;Concluída;TEC008;Bruno Martins;Eletricista
182;2025-02-19 00:00:00;OS-1182;Dobradeira;Montagem ;WEG;Corretiva;Mecânico;14:48;8916,78;Filtro;7;Lubrificaçăo;Aberta;TEC008;Bruno Martins;Eletricista
183;2025-05-29 00:00:00;OS-1183;Dobradeira;Montagem ;WEG;Corretiva;Mecânico;18:24;143,52;Motor;2;Desgaste;Concluída;TEC012;Camila Ferreira;Automaçăo
184;2025-01-31 00:00:00;OS-1184;Torno CNC;Montagem ;Bosch;Preditiva;Mecânico;18:36;7110,91;Bomba;8;Falha mecânica;Em andamento;TEC011;Patricia Souza;Eletricista
185;2025-05-14 00:00:00;OS-1185;Centro de Usinagem;Usin.;WEG;Corretiva;Mecânico;02:54;4353,11;Válvula;9;Falha elétrica;Em andamento;TEC001;Carlos Silva;Mecânico
186;2025-01-21 00:00:00;OS-1186;Torno CNC;Usin.;Siemens;Preventiva;Automaçăo;15:06;452,43;Válvula;10;Falha mecânica;Em andamento;TEC004;Fernanda Alves;Eletricista
187;2025-06-30 00:00:00;OS-1187;Compressor;Usin.;Schneider;Corretiva;Eletricista;07:48;6911,1;Válvula;9;Lubrificaçăo;Concluída;TEC006;Marcos Rocha;Automaçăo
188;2025-10-06 00:00:00;OS-1188;Soldadora Robotizada;Montagem ;Schneider;Preditiva;Automaçăo;19:12;1538;CLP;3;Lubrificaçăo;Em andamento;TEC007;Rafael Lima;Mecânico
189;2025-06-03 00:00:00;OS-1189;Compressor;Usin.;WEG;Preventiva;Mecânico;17:48;9886,12;Sensor;3;Erro operador;Concluída;TEC009;Juliana Ribeiro;Automaçăo
190;2025-06-06 00:00:00;OS-1190;Corte Laser;Montagem ;Fanuc;Preventiva;Automaçăo;12:30;7311,92;Válvula;5;Falha elétrica;Em andamento;TEC001;Carlos Silva;Mecânico
191;2025-05-29 00:00:00;OS-1191;Compressor;Montagem ;Schneider;Corretiva;Mecânico;16:36;8451,71;Bomba;7;Erro operador;Concluída;TEC003;Ana Costa;Eletricista
192;2025-06-27 00:00:00;OS-1192;Compressor;Montagem ;Siemens;Preventiva;Eletricista;21:06;12903,36;Bomba;10;Lubrificaçăo;Em andamento;TEC003;Ana Costa;Eletricista
193;2025-01-01 00:00:00;OS-1193;Dobradeira;Usin.;WEG;Preditiva;Mecânico;20:24;6740,82;CLP;4;Falha mecânica;Concluída;TEC012;Camila Ferreira;Automaçăo
194;2025-01-01 00:00:00;OS-1194;Dobradeira;Montagem ;Fanuc;Preditiva;Eletricista;23:12;696,7;Sensor;5;Falha mecânica;Concluída;TEC010;Gustavo Fernandes;Mecânico
195;2025-05-19 00:00:00;OS-1195;Prensa Hidráulica;Usin.;Schneider;Corretiva;Mecânico;03:54;10110,26;Sensor;6;Lubrificaçăo;Em andamento;TEC005;Lucas Pereira;Automaçăo
196;2025-06-18 00:00:00;OS-1196;Dobradeira;Montagem ;Siemens;Preventiva;Mecânico;22:48;8908,73;Correia;3;Desgaste;Em andamento;TEC008;Bruno Martins;Eletricista
197;2025-01-23 00:00:00;OS-1197;Esteira;Usin.;Fanuc;Preditiva;Eletricista;19:30;13290,8;Sensor;7;Desgaste;Aberta;TEC006;Marcos Rocha;Automaçăo
198;2025-06-29 00:00:00;OS-1198;Injetora;Montagem ;WEG;Corretiva;Automaçăo;02:42;12193,66;Bomba;2;Erro operador;Aberta;TEC006;Marcos Rocha;Automaçăo
199;2025-09-01 00:00:00;OS-1199;Corte Laser;Montagem ;Bosch;Preditiva;Mecânico;07:00;7768,05;Sensor;9;Falha mecânica;Aberta;TEC011;Patricia Souza;Eletricista
200;2025-02-13 00:00:00;OS-1200;Esteira;Usin.;Fanuc;Preventiva;Mecânico;17:06;6278,98;Bomba;5;Erro operador;Concluída;TEC012;Camila Ferreira;Automaçăo
201;2025-02-20 00:00:00;OS-1201;Esteira;Usin.;Schneider;Corretiva;Automaçăo;07:24;13984,27;Bomba;9;Erro operador;Concluída;TEC009;Juliana Ribeiro;Automaçăo
202;2025-03-06 00:00:00;OS-1202;Corte Laser;Montagem ;Bosch;Preventiva;Mecânico;07:24;10504,89;Sensor;3;Falha elétrica;Concluída;TEC011;Patricia Souza;Eletricista
203;2025-06-19 00:00:00;OS-1203;Fresadora CNC;Usin.;WEG;Preditiva;Automaçăo;00:42;3898,09;Válvula;5;Falha mecânica;Aberta;TEC001;Carlos Silva;Mecânico
204;2025-03-23 00:00:00;OS-1204;Corte Laser;Usin.;Siemens;Corretiva;Mecânico;15:18;5921,89;Sensor;1;Erro operador;Em andamento;TEC008;Bruno Martins;Eletricista
205;2025-03-08 00:00:00;OS-1205;Fresadora CNC;Montagem ;WEG;Preventiva;Mecânico;20:30;12882,07;Sensor;1;Lubrificaçăo;Aberta;TEC008;Bruno Martins;Eletricista
206;2025-11-03 00:00:00;OS-1206;Compressor;Usin.;Fanuc;Corretiva;Automaçăo;18:18;5498,34;Motor;6;Desgaste;Em andamento;TEC007;Rafael Lima;Mecânico
207;2025-04-21 00:00:00;OS-1207;Prensa Hidráulica;Usin.;Fanuc;Preventiva;Mecânico;22:36;343,27;Motor;1;Desgaste;Em andamento;TEC012;Camila Ferreira;Automaçăo
208;2025-01-30 00:00:00;OS-1208;Torno CNC;Montagem ;WEG;Preditiva;Mecânico;20:48;3322,56;Rolamento;3;Falha elétrica;Aberta;TEC011;Patricia Souza;Eletricista
209;2025-07-06 00:00:00;OS-1209;Injetora;Usin.;Schneider;Corretiva;Mecânico;14:36;7877,69;CLP;10;Erro operador;Concluída;TEC012;Camila Ferreira;Automaçăo
210;2025-01-06 00:00:00;OS-1210;Centro de Usinagem;Usin.;WEG;Corretiva;Eletricista;06:24;2749,49;Válvula;2;Desgaste;Em andamento;TEC002;Joăo Santos;Mecânico
211;2025-07-01 00:00:00;OS-1211;Centro de Usinagem;Montagem ;Siemens;Preventiva;Eletricista;22:30;4516,08;Válvula;3;Lubrificaçăo;Aberta;TEC005;Lucas Pereira;Automaçăo
212;2025-01-18 00:00:00;OS-1212;Centro de Usinagem;Montagem ;Schneider;Preventiva;Automaçăo;06:00;10151,96;Correia;9;Falha mecânica;Concluída;TEC008;Bruno Martins;Eletricista
213;2025-03-31 00:00:00;OS-1213;Fresadora CNC;Usin.;Schneider;Corretiva;Automaçăo;00:54;11125,47;CLP;1;Falha mecânica;Aberta;TEC008;Bruno Martins;Eletricista
214;2025-05-06 00:00:00;OS-1214;Dobradeira;Montagem ;Siemens;Corretiva;Eletricista;05:18;1474,42;CLP;9;Falha mecânica;Concluída;TEC007;Rafael Lima;Mecânico
215;2025-01-18 00:00:00;OS-1215;Fresadora CNC;Usin.;Fanuc;Preventiva;Eletricista;19:18;13010,65;Motor;8;Erro operador;Em andamento;TEC009;Juliana Ribeiro;Automaçăo
216;2025-04-16 00:00:00;OS-1216;Compressor;Montagem ;Bosch;Corretiva;Automaçăo;03:30;14838,59;Sensor;6;Desgaste;Concluída;TEC010;Gustavo Fernandes;Mecânico
217;2025-09-02 00:00:00;OS-1217;Dobradeira;Montagem ;WEG;Preventiva;Eletricista;22:42;4294,69;CLP;1;Falha elétrica;Aberta;TEC002;Joăo Santos;Mecânico
218;2025-02-06 00:00:00;OS-1218;Corte Laser;Usin.;Fanuc;Preditiva;Eletricista;13:12;13849,11;Sensor;4;Falha elétrica;Em andamento;TEC002;Joăo Santos;Mecânico
219;2025-09-02 00:00:00;OS-1219;Torno CNC;Montagem ;Fanuc;Preditiva;Eletricista;09:30;900,49;Sensor;5;Erro operador;Em andamento;TEC009;Juliana Ribeiro;Automaçăo
220;2025-01-02 00:00:00;OS-1220;Fresadora CNC;Usin.;Schneider;Preventiva;Automaçăo;03:36;12866,55;Filtro;4;Falha mecânica;Em andamento;TEC008;Bruno Martins;Eletricista
221;2025-12-04 00:00:00;OS-1221;Compressor;Usin.;WEG;Corretiva;Mecânico;15:24;5975,34;CLP;5;Lubrificaçăo;Em andamento;TEC010;Gustavo Fernandes;Mecânico
222;2025-04-13 00:00:00;OS-1222;Corte Laser;Montagem ;Siemens;Preventiva;Automaçăo;14:06;8773,7;Válvula;1;Erro operador;Em andamento;TEC009;Juliana Ribeiro;Automaçăo
223;2025-02-21 00:00:00;OS-1223;Fresadora CNC;Usin.;WEG;Corretiva;Eletricista;07:18;13779,49;CLP;3;Falha mecânica;Concluída;TEC007;Rafael Lima;Mecânico
224;2025-05-17 00:00:00;OS-1224;Dobradeira;Usin.;Siemens;Corretiva;Mecânico;21:18;14505,87;Filtro;9;Falha mecânica;Concluída;TEC010;Gustavo Fernandes;Mecânico
225;2025-03-18 00:00:00;OS-1225;Corte Laser;Usin.;Schneider;Preditiva;Eletricista;01:00;13763,21;Motor;3;Desgaste;Aberta;TEC007;Rafael Lima;Mecânico
226;2025-03-17 00:00:00;OS-1226;Compressor;Usin.;Siemens;Corretiva;Automaçăo;22:36;5752,07;Sensor;9;Lubrificaçăo;Aberta;TEC012;Camila Ferreira;Automaçăo
227;2025-05-04 00:00:00;OS-1227;Esteira;Usin.;Fanuc;Preventiva;Mecânico;18:24;12080,38;Rolamento;6;Falha elétrica;Em andamento;TEC012;Camila Ferreira;Automaçăo
228;2025-04-03 00:00:00;OS-1228;Centro de Usinagem;Montagem ;Fanuc;Corretiva;Automaçăo;22:36;3321,45;Sensor;8;Falha mecânica;Em andamento;TEC003;Ana Costa;Eletricista
229;2025-05-15 00:00:00;OS-1229;Fresadora CNC;Usin.;WEG;Preditiva;Eletricista;10:36;493,84;Correia;1;Desgaste;Em andamento;TEC002;Joăo Santos;Mecânico
230;2025-04-03 00:00:00;OS-1230;Dobradeira;Usin.;Siemens;Corretiva;Eletricista;14:36;672,7;Motor;10;Desgaste;Concluída;TEC011;Patricia Souza;Eletricista
231;2025-04-24 00:00:00;OS-1231;Compressor;Montagem ;WEG;Preditiva;Mecânico;06:06;7099,98;Filtro;5;Falha mecânica;Concluída;TEC012;Camila Ferreira;Automaçăo
232;2025-06-24 00:00:00;OS-1232;Dobradeira;Usin.;Fanuc;Preventiva;Eletricista;01:24;5759,3;Bomba;5;Falha elétrica;Em andamento;TEC007;Rafael Lima;Mecânico
233;2025-03-13 00:00:00;OS-1233;Prensa Hidráulica;Usin.;Schneider;Corretiva;Mecânico;12:48;12567,85;Bomba;10;Erro operador;Aberta;TEC004;Fernanda Alves;Eletricista
234;2025-01-20 00:00:00;OS-1234;Torno CNC;Montagem ;Siemens;Corretiva;Eletricista;15:30;175,53;Válvula;8;Erro operador;Em andamento;TEC012;Camila Ferreira;Automaçăo
235;2025-04-06 00:00:00;OS-1235;Esteira;Montagem ;Schneider;Corretiva;Automaçăo;03:12;10724,28;CLP;6;Desgaste;Concluída;TEC011;Patricia Souza;Eletricista
236;2025-05-24 00:00:00;OS-1236;Centro de Usinagem;Usin.;Schneider;Preventiva;Automaçăo;23:24;10924,59;Correia;3;Falha elétrica;Em andamento;TEC005;Lucas Pereira;Automaçăo
237;2025-01-28 00:00:00;OS-1237;Compressor;Usin.;Schneider;Preventiva;Eletricista;08:48;2970,56;Rolamento;1;Lubrificaçăo;Concluída;TEC005;Lucas Pereira;Automaçăo
238;2025-04-04 00:00:00;OS-1238;Injetora;Montagem ;Siemens;Preventiva;Automaçăo;13:48;13933,78;Sensor;10;Falha elétrica;Concluída;TEC001;Carlos Silva;Mecânico
239;2025-05-08 00:00:00;OS-1239;Prensa Hidráulica;Usin.;Siemens;Preditiva;Automaçăo;09:06;1253,75;CLP;7;Erro operador;Em andamento;TEC004;Fernanda Alves;Eletricista
240;2025-01-15 00:00:00;OS-1240;Soldadora Robotizada;Usin.;Siemens;Preventiva;Eletricista;13:30;1872,32;Filtro;1;Erro operador;Em andamento;TEC009;Juliana Ribeiro;Automaçăo
241;2025-02-13 00:00:00;OS-1241;Dobradeira;Montagem ;Siemens;Corretiva;Automaçăo;20:42;4578,19;Bomba;10;Falha elétrica;Em andamento;TEC002;Joăo Santos;Mecânico
242;2025-08-03 00:00:00;OS-1242;Centro de Usinagem;Usin.;Fanuc;Preditiva;Mecânico;07:30;6339,25;Motor;6;Falha mecânica;Em andamento;TEC008;Bruno Martins;Eletricista
243;2025-04-06 00:00:00;OS-1243;Esteira;Usin.;Fanuc;Preventiva;Automaçăo;09:12;4171,39;Filtro;6;Lubrificaçăo;Em andamento;TEC008;Bruno Martins;Eletricista
244;2025-06-04 00:00:00;OS-1244;Soldadora Robotizada;Usin.;Schneider;Preditiva;Mecânico;01:30;6435,77;Correia;2;Falha elétrica;Em andamento;TEC011;Patricia Souza;Eletricista
245;2025-06-02 00:00:00;OS-1245;Injetora;Usin.;Fanuc;Preditiva;Mecânico;17:00;1995,86;Correia;7;Falha mecânica;Aberta;TEC003;Ana Costa;Eletricista
246;2025-06-24 00:00:00;OS-1246;Centro de Usinagem;Montagem ;WEG;Preditiva;Mecânico;13:00;3120,74;Bomba;4;Falha mecânica;Concluída;TEC001;Carlos Silva;Mecânico
247;2025-08-06 00:00:00;OS-1247;Fresadora CNC;Usin.;Fanuc;Preventiva;Mecânico;00:54;10836,58;Motor;1;Falha mecânica;Concluída;TEC012;Camila Ferreira;Automaçăo
248;2025-03-05 00:00:00;OS-1248;Injetora;Montagem ;Bosch;Preventiva;Mecânico;05:36;9769,08;CLP;7;Desgaste;Aberta;TEC003;Ana Costa;Eletricista
249;2025-01-21 00:00:00;OS-1249;Esteira;Usin.;Siemens;Preditiva;Mecânico;03:12;7510,35;Motor;10;Falha mecânica;Aberta;TEC012;Camila Ferreira;Automaçăo
250;2025-03-20 00:00:00;OS-1250;Torno CNC;Montagem ;WEG;Preventiva;Mecânico;23:00;8403,04;Válvula;1;Erro operador;Em andamento;TEC002;Joăo Santos;Mecânico
251;2025-04-23 00:00:00;OS-1251;Soldadora Robotizada;Usin.;WEG;Preventiva;Automaçăo;12:36;5671,84;Rolamento;5;Erro operador;Concluída;TEC007;Rafael Lima;Mecânico
252;2025-02-10 00:00:00;OS-1252;Prensa Hidráulica;Usin.;Siemens;Preditiva;Eletricista;05:42;7509,4;Rolamento;4;Falha mecânica;Concluída;TEC012;Camila Ferreira;Automaçăo
253;2025-09-02 00:00:00;OS-1253;Dobradeira;Montagem ;Fanuc;Preditiva;Eletricista;09:00;7314,39;CLP;9;Lubrificaçăo;Aberta;TEC001;Carlos Silva;Mecânico
254;2025-11-03 00:00:00;OS-1254;Centro de Usinagem;Montagem ;Schneider;Preditiva;Mecânico;07:36;11265,77;Motor;7;Falha mecânica;Em andamento;TEC002;Joăo Santos;Mecânico
255;2025-02-19 00:00:00;OS-1255;Compressor;Montagem ;Fanuc;Corretiva;Automaçăo;02:24;14104,57;Motor;2;Lubrificaçăo;Em andamento;TEC009;Juliana Ribeiro;Automaçăo
256;2025-04-03 00:00:00;OS-1256;Torno CNC;Montagem ;Bosch;Preditiva;Mecânico;13:42;1496,09;Correia;2;Erro operador;Em andamento;TEC009;Juliana Ribeiro;Automaçăo
257;2025-02-27 00:00:00;OS-1257;Injetora;Usin.;WEG;Corretiva;Automaçăo;05:48;12116,98;Correia;2;Desgaste;Concluída;TEC001;Carlos Silva;Mecânico
258;2025-05-22 00:00:00;OS-1258;Centro de Usinagem;Usin.;WEG;Preditiva;Automaçăo;04:18;5476,79;Correia;1;Falha elétrica;Concluída;TEC004;Fernanda Alves;Eletricista
259;2025-02-28 00:00:00;OS-1259;Torno CNC;Montagem ;Fanuc;Preditiva;Mecânico;02:48;14107,66;Bomba;10;Desgaste;Em andamento;TEC007;Rafael Lima;Mecânico
260;2025-01-25 00:00:00;OS-1260;Injetora;Montagem ;WEG;Corretiva;Automaçăo;15:06;10812,95;Bomba;1;Falha elétrica;Em andamento;TEC005;Lucas Pereira;Automaçăo
261;2025-04-13 00:00:00;OS-1261;Fresadora CNC;Montagem ;Fanuc;Preditiva;Automaçăo;11:54;13050,24;Válvula;3;Falha elétrica;Em andamento;TEC009;Juliana Ribeiro;Automaçăo
262;2025-09-04 00:00:00;OS-1262;Esteira;Usin.;Siemens;Corretiva;Mecânico;00:54;14345,46;CLP;10;Falha mecânica;Em andamento;TEC001;Carlos Silva;Mecânico
263;2025-04-12 00:00:00;OS-1263;Torno CNC;Usin.;Bosch;Preventiva;Mecânico;13:24;11511,34;Rolamento;10;Lubrificaçăo;Concluída;TEC009;Juliana Ribeiro;Automaçăo
264;2025-06-20 00:00:00;OS-1264;Injetora;Usin.;WEG;Preventiva;Automaçăo;22:06;7464,31;Correia;6;Desgaste;Em andamento;TEC010;Gustavo Fernandes;Mecânico
265;2025-11-02 00:00:00;OS-1265;Dobradeira;Usin.;Bosch;Preditiva;Automaçăo;08:24;1826,82;Válvula;6;Lubrificaçăo;Em andamento;TEC012;Camila Ferreira;Automaçăo
266;2025-01-03 00:00:00;OS-1266;Fresadora CNC;Usin.;WEG;Preventiva;Automaçăo;22:06;7097,26;CLP;2;Desgaste;Em andamento;TEC001;Carlos Silva;Mecânico
267;2025-04-06 00:00:00;OS-1267;Esteira;Montagem ;Schneider;Preventiva;Eletricista;05:12;1980,48;Motor;9;Falha mecânica;Concluída;TEC002;Joăo Santos;Mecânico
268;2025-01-22 00:00:00;OS-1268;Corte Laser;Montagem ;Bosch;Corretiva;Automaçăo;15:18;3011,83;Bomba;10;Falha mecânica;Em andamento;TEC009;Juliana Ribeiro;Automaçăo
269;2025-03-13 00:00:00;OS-1269;Dobradeira;Usin.;Schneider;Corretiva;Mecânico;15:54;14899,8;Sensor;7;Falha mecânica;Em andamento;TEC012;Camila Ferreira;Automaçăo
270;2025-02-20 00:00:00;OS-1270;Esteira;Usin.;Siemens;Preventiva;Mecânico;09:54;9413,92;Sensor;6;Falha elétrica;Em andamento;TEC005;Lucas Pereira;Automaçăo
271;2025-05-26 00:00:00;OS-1271;Prensa Hidráulica;Montagem ;WEG;Corretiva;Mecânico;01:00;6791,62;Motor;9;Lubrificaçăo;Em andamento;TEC004;Fernanda Alves;Eletricista
272;2025-05-01 00:00:00;OS-1272;Compressor;Usin.;Siemens;Preditiva;Automaçăo;12:42;4828,81;CLP;10;Erro operador;Aberta;TEC008;Bruno Martins;Eletricista
273;2025-05-22 00:00:00;OS-1273;Dobradeira;Usin.;Schneider;Preventiva;Eletricista;07:00;13184,94;Rolamento;10;Falha elétrica;Concluída;TEC011;Patricia Souza;Eletricista
274;2025-06-13 00:00:00;OS-1274;Torno CNC;Montagem ;Bosch;Corretiva;Eletricista;23:54;4696,16;Correia;8;Erro operador;Aberta;TEC007;Rafael Lima;Mecânico
275;2025-05-21 00:00:00;OS-1275;Dobradeira;Usin.;WEG;Preditiva;Mecânico;17:48;8199,26;Válvula;10;Lubrificaçăo;Em andamento;TEC004;Fernanda Alves;Eletricista
276;2025-01-02 00:00:00;OS-1276;Dobradeira;Usin.;Fanuc;Preventiva;Mecânico;13:00;12559,31;Filtro;2;Falha mecânica;Concluída;TEC004;Fernanda Alves;Eletricista
277;2025-06-01 00:00:00;OS-1277;Torno CNC;Usin.;Siemens;Preventiva;Eletricista;04:54;8447,67;Filtro;10;Desgaste;Em andamento;TEC010;Gustavo Fernandes;Mecânico
278;2025-04-17 00:00:00;OS-1278;Soldadora Robotizada;Usin.;Fanuc;Preventiva;Automaçăo;08:42;14314,72;Sensor;7;Lubrificaçăo;Em andamento;TEC011;Patricia Souza;Eletricista
279;2025-06-03 00:00:00;OS-1279;Torno CNC;Montagem ;Schneider;Corretiva;Mecânico;21:48;10046,36;Sensor;3;Falha elétrica;Concluída;TEC012;Camila Ferreira;Automaçăo
280;2025-06-02 00:00:00;OS-1280;Esteira;Montagem ;Bosch;Preventiva;Automaçăo;23:30;2375,62;Correia;7;Falha mecânica;Aberta;TEC007;Rafael Lima;Mecânico
281;2025-06-01 00:00:00;OS-1281;Esteira;Montagem ;Bosch;Preventiva;Mecânico;09:30;13683,27;Rolamento;8;Erro operador;Concluída;TEC011;Patricia Souza;Eletricista
282;2025-04-28 00:00:00;OS-1282;Prensa Hidráulica;Usin.;Fanuc;Preditiva;Automaçăo;16:42;506,7;Motor;1;Falha mecânica;Aberta;TEC009;Juliana Ribeiro;Automaçăo
283;2025-06-22 00:00:00;OS-1283;Compressor;Montagem ;Schneider;Corretiva;Automaçăo;06:36;6725,45;Filtro;1;Desgaste;Concluída;TEC011;Patricia Souza;Eletricista
284;2025-10-05 00:00:00;OS-1284;Compressor;Montagem ;WEG;Corretiva;Eletricista;20:00;10485,58;Filtro;9;Erro operador;Concluída;TEC005;Lucas Pereira;Automaçăo
285;2025-04-17 00:00:00;OS-1285;Torno CNC;Usin.;WEG;Corretiva;Eletricista;22:30;4056,3;Motor;7;Erro operador;Concluída;TEC005;Lucas Pereira;Automaçăo
286;2025-01-27 00:00:00;OS-1286;Esteira;Montagem ;Fanuc;Preditiva;Automaçăo;20:06;1390,88;Motor;3;Erro operador;Aberta;TEC002;Joăo Santos;Mecânico
287;2025-01-17 00:00:00;OS-1287;Injetora;Montagem ;WEG;Preditiva;Eletricista;02:24;4290,23;Rolamento;4;Falha elétrica;Concluída;TEC002;Joăo Santos;Mecânico
288;2025-03-05 00:00:00;OS-1288;Soldadora Robotizada;Montagem ;Schneider;Corretiva;Eletricista;09:54;8728,47;CLP;8;Falha elétrica;Aberta;TEC003;Ana Costa;Eletricista
289;2025-03-20 00:00:00;OS-1289;Corte Laser;Usin.;WEG;Preventiva;Automaçăo;23:06;3355,4;Motor;6;Falha elétrica;Concluída;TEC005;Lucas Pereira;Automaçăo
290;2025-02-21 00:00:00;OS-1290;Injetora;Usin.;WEG;Preventiva;Mecânico;23:00;14883,79;Rolamento;8;Lubrificaçăo;Concluída;TEC012;Camila Ferreira;Automaçăo
291;2025-04-24 00:00:00;OS-1291;Torno CNC;Montagem ;Bosch;Corretiva;Eletricista;09:18;6372,06;Válvula;3;Falha mecânica;Aberta;TEC007;Rafael Lima;Mecânico
292;2025-06-23 00:00:00;OS-1292;Soldadora Robotizada;Montagem ;Siemens;Preventiva;Eletricista;22:42;13028,55;CLP;1;Erro operador;Em andamento;TEC007;Rafael Lima;Mecânico
293;2025-01-27 00:00:00;OS-1293;Soldadora Robotizada;Usin.;Siemens;Preventiva;Mecânico;09:18;1654,46;Rolamento;9;Lubrificaçăo;Em andamento;TEC005;Lucas Pereira;Automaçăo
294;2025-04-18 00:00:00;OS-1294;Dobradeira;Usin.;Siemens;Corretiva;Eletricista;10:06;2086,68;Bomba;1;Erro operador;Concluída;TEC012;Camila Ferreira;Automaçăo
295;2025-04-04 00:00:00;OS-1295;Centro de Usinagem;Montagem ;Schneider;Preditiva;Mecânico;04:36;6358,86;Filtro;4;Desgaste;Concluída;TEC003;Ana Costa;Eletricista
296;2025-01-03 00:00:00;OS-1296;Fresadora CNC;Montagem ;WEG;Preventiva;Mecânico;04:30;5389,72;Correia;6;Falha elétrica;Concluída;TEC010;Gustavo Fernandes;Mecânico
297;2025-01-13 00:00:00;OS-1297;Torno CNC;Usin.;Bosch;Preventiva;Automaçăo;16:12;7589,6;Filtro;10;Lubrificaçăo;Em andamento;TEC001;Carlos Silva;Mecânico
298;2025-01-16 00:00:00;OS-1298;Torno CNC;Montagem ;Schneider;Corretiva;Mecânico;01:12;5692,44;CLP;8;Desgaste;Concluída;TEC009;Juliana Ribeiro;Automaçăo
299;2025-02-10 00:00:00;OS-1299;Corte Laser;Montagem ;Bosch;Corretiva;Automaçăo;08:30;1756,09;Bomba;6;Lubrificaçăo;Aberta;TEC007;Rafael Lima;Mecânico
300;2025-05-21 00:00:00;OS-1300;Compressor;Usin.;Fanuc;Preventiva;Eletricista;12:12;4779,24;Motor;5;Falha elétrica;Aberta;TEC010;Gustavo Fernandes;Mecânico
